Aaden,Boy
Aaliyah,Girl
Aarav,Boy
Aaron,Boy
Aaron,Girl
Ab,Boy
Abagail,Girl
Abb,Boy
Abbey,Girl
Abbie,Boy
Abbie,Girl
Abbigail,Girl
Abbott,Boy
Abby,Girl
Abdiel,Boy
Abdul,Boy
Abdullah,Boy
Abe,Boy
Abel,Boy
Abelardo,Boy
Abie,Boy
Abigail,Girl
Abigale,Girl
Abigayle,Girl
Abner,Boy
Abraham,Boy
Abram,Boy
Abril,Girl
Ace,Boy
Acey,Boy
Achsah,Girl
Acie,Boy
Acy,Boy
Ada,Boy
Ada,Girl
Adah,Girl
Adalberto,Boy
Adaline,Girl
Adalyn,Girl
Adalynn,Girl
Adam,Boy
Adamaris,Girl
Adams,Boy
Adan,Boy
Add,Boy
Adda,Girl
Addie,Boy
Addie,Girl
Addison,Boy
Addison,Girl
Addisyn,Girl
Addyson,Girl
Adel,Girl
Adela,Girl
Adelaide,Girl
Adelard,Boy
Adelbert,Boy
Adele,Girl
Adelia,Girl
Adelina,Girl
Adeline,Girl
Adell,Girl
Adella,Girl
Adelle,Girl
Adelyn,Girl
Aden,Boy
Adilene,Girl
Adin,Boy
Adina,Girl
Adison,Girl
Aditya,Boy
Adlai,Boy
Adline,Girl
Admiral,Boy
Adolf,Boy
Adolfo,Boy
Adolph,Boy
Adolphus,Boy
Adonis,Boy
Adrain,Boy
Adria,Girl
Adrian,Boy
Adrian,Girl
Adriana,Girl
Adriane,Girl
Adrianna,Girl
Adrianne,Girl
Adriel,Boy
Adrien,Boy
Adriene,Girl
Adrienne,Girl
Adron,Boy
Adyson,Girl
Aedan,Boy
Affie,Girl
Afton,Girl
Agatha,Girl
Aggie,Girl
Agnes,Boy
Agnes,Girl
Agness,Girl
Agusta,Girl
Agustin,Boy
Agustus,Boy
Ah,Boy
Ahmad,Boy
Ahmed,Boy
Aida,Girl
Aidan,Boy
Aiden,Boy
Aidyn,Boy
Aileen,Girl
Ailene,Girl
Aili,Girl
Aimee,Girl
Ainsley,Girl
Aisha,Girl
Aiyana,Girl
Aja,Girl
Akeelah,Girl
Akeem,Boy
Akira,Boy
Akira,Girl
Al,Boy
Ala,Girl
Alabama,Girl
Alaina,Girl
Alan,Boy
Alana,Girl
Alani,Girl
Alanna,Girl
Alannah,Girl
Alanzo,Boy
Alayna,Girl
Alba,Boy
Alba,Girl
Albert,Boy
Albert,Girl
Alberta,Girl
Albertha,Girl
Albertina,Girl
Albertine,Girl
Alberto,Boy
Albertus,Boy
Albin,Boy
Albina,Girl
Albion,Boy
Alby,Boy
Alcee,Boy
Alcide,Boy
Alcie,Girl
Alda,Girl
Alden,Boy
Aldo,Boy
Aldona,Girl
Aleah,Girl
Alease,Girl
Alec,Boy
Alecia,Girl
Aleck,Boy
Aleen,Girl
Aleena,Girl
Alejandra,Girl
Alejandro,Boy
Alek,Boy
Alena,Girl
Alene,Girl
Alesha,Girl
Alesia,Girl
Alessandra,Girl
Alessandro,Boy
Aleta,Girl
Aletha,Girl
Alethea,Girl
Alex,Boy
Alex,Girl
Alexa,Girl
Alexande,Boy
Alexander,Boy
Alexander,Girl
Alexandr,Girl
Alexandra,Girl
Alexandre,Boy
Alexandrea,Girl
Alexandria,Girl
Alexandro,Boy
Alexia,Girl
Alexina,Girl
Alexis,Boy
Alexis,Girl
Alexus,Girl
Alexys,Girl
Alexzander,Boy
Alf,Boy
Alferd,Boy
Alfie,Boy
Alfonse,Boy
Alfonso,Boy
Alfonzo,Boy
Alford,Boy
Alfred,Boy
Alfred,Girl
Alfreda,Girl
Alfredo,Boy
Alger,Boy
Algernon,Boy
Algie,Boy
Algot,Boy
Ali,Boy
Ali,Girl
Alia,Girl
Aliana,Girl
Alice,Boy
Alice,Girl
Alicia,Girl
Alida,Girl
Alijah,Boy
Alina,Girl
Aline,Girl
Alisa,Girl
Alisha,Girl
Alison,Girl
Alissa,Girl
Alisson,Girl
Alivia,Girl
Aliya,Girl
Aliyah,Girl
Aliza,Girl
Alize,Girl
Alla,Girl
Allan,Boy
Allean,Girl
Alleen,Girl
Allen,Boy
Allena,Girl
Allene,Girl
Allie,Boy
Allie,Girl
Alline,Girl
Allison,Boy
Allison,Girl
Allisson,Girl
Ally,Girl
Allyn,Boy
Allyn,Girl
Allyson,Girl
Allyssa,Girl
Alma,Boy
Alma,Girl
Almeda,Girl
Almedia,Girl
Almer,Boy
Almeta,Girl
Almina,Girl
Almira,Girl
Almon,Boy
Almond,Boy
Almus,Boy
Almyra,Girl
Alois,Boy
Aloma,Girl
Alondra,Girl
Alonso,Boy
Alonza,Boy
Alonzo,Boy
Aloys,Boy
Aloysius,Boy
Alpha,Boy
Alpha,Girl
Alpheus,Boy
Alphons,Boy
Alphonse,Boy
Alphonsine,Girl
Alphonso,Boy
Alphonsus,Boy
Alston,Boy
Alta,Boy
Alta,Girl
Altha,Girl
Althea,Girl
Altie,Girl
Alto,Boy
Alton,Boy
Alva,Boy
Alva,Girl
Alvah,Boy
Alvan,Boy
Alvaro,Boy
Alvena,Girl
Alver,Boy
Alvera,Girl
Alverda,Girl
Alverta,Girl
Alvia,Boy
Alvie,Boy
Alvin,Boy
Alvina,Girl
Alvira,Girl
Alvis,Boy
Alvy,Boy
Alwilda,Girl
Alwin,Boy
Alwina,Girl
Alwine,Girl
Alyce,Girl
Alycia,Girl
Alys,Girl
Alysa,Girl
Alyse,Girl
Alysha,Girl
Alysia,Girl
Alyson,Girl
Alyssa,Girl
Alyssia,Girl
Alyvia,Girl
Alzina,Girl
Ama,Girl
Amado,Boy
Amalia,Girl
Amalie,Girl
Amanda,Boy
Amanda,Girl
Amani,Girl
Amara,Girl
Amare,Boy
Amari,Boy
Amari,Girl
Amarion,Boy
Amaris,Girl
Amasa,Boy
Amaya,Girl
Amber,Girl
Amberly,Girl
Ambers,Boy
Ambrose,Boy
Amelia,Girl
Amelie,Girl
America,Girl
Americo,Boy
Amerigo,Boy
Amey,Girl
Ami,Girl
Amiah,Girl
Amie,Girl
Amil,Boy
Amin,Boy
Amina,Girl
Amir,Boy
Amira,Girl
Amirah,Girl
Amit,Boy
Amiya,Girl
Amiyah,Girl
Amma,Girl
Ammie,Girl
Ammon,Boy
Amon,Boy
Amos,Boy
Amparo,Girl
Amy,Boy
Amy,Girl
Amya,Girl
Ana,Girl
Anabel,Girl
Anabella,Girl
Anabelle,Girl
Anahi,Girl
Anais,Girl
Ananias,Boy
Anastacia,Girl
Anastacio,Boy
Anastasia,Girl
Anatole,Boy
Anaya,Girl
Ancel,Boy
Ancil,Boy
Anders,Boy
Anderson,Boy
Andon,Boy
Andra,Boy
Andra,Girl
Andrae,Boy
Andre,Boy
Andrea,Boy
Andrea,Girl
Andreas,Boy
Andres,Boy
Andrew,Boy
Andrew,Girl
Andria,Girl
Andy,Boy
Anfernee,Boy
Angel,Boy
Angel,Girl
Angela,Boy
Angela,Girl
Angele,Girl
Angeles,Girl
Angelia,Girl
Angelic,Girl
Angelica,Girl
Angelina,Girl
Angeline,Girl
Angelique,Girl
Angelita,Girl
Angella,Girl
Angelo,Boy
Angie,Girl
Angus,Boy
Anibal,Boy
Anice,Girl
Anie,Girl
Anika,Girl
Anissa,Girl
Anita,Girl
Anitra,Girl
Aniya,Girl
Aniyah,Girl
Anjali,Girl
Anjanette,Girl
Anjelica,Girl
Ann,Boy
Ann,Girl
Anna,Boy
Anna,Girl
Annabel,Girl
Annabell,Girl
Annabella,Girl
Annabelle,Girl
Annalise,Girl
Annamae,Girl
Annamarie,Girl
Anne,Girl
Anneliese,Girl
Annemarie,Girl
Anner,Girl
Annetta,Girl
Annette,Girl
Annice,Girl
Annie,Boy
Annie,Girl
Annika,Girl
Annis,Girl
Annmarie,Girl
Anona,Girl
Ansel,Boy
Ansley,Girl
Anson,Boy
Anthoney,Boy
Anthony,Boy
Anthony,Girl
Antione,Boy
Antionette,Girl
Antoine,Boy
Antoinette,Girl
Anton,Boy
Antone,Boy
Antonetta,Girl
Antonette,Girl
Antonia,Boy
Antonia,Girl
Antonina,Girl
Antonio,Boy
Antony,Boy
Antwain,Boy
Antwan,Boy
Antwon,Boy
Anwar,Boy
Anya,Girl
April,Girl
Ara,Girl
Arabella,Girl
Araceli,Girl
Aracely,Girl
Arah,Girl
Araminta,Girl
Arba,Boy
Arbie,Boy
Arch,Boy
Archer,Boy
Archibald,Boy
Archie,Boy
Archie,Girl
Ardath,Girl
Ardelia,Girl
Ardell,Boy
Ardell,Girl
Ardella,Girl
Ardelle,Girl
Arden,Boy
Arden,Girl
Ardeth,Girl
Ardis,Girl
Ardith,Girl
Ardyce,Girl
Areli,Girl
Arely,Girl
Aretha,Girl
Argie,Girl
Ari,Boy
Aria,Girl
Ariana,Girl
Ariane,Girl
Arianna,Girl
Aric,Boy
Arie,Girl
Ariel,Boy
Ariel,Girl
Ariella,Girl
Arielle,Girl
Arietta,Girl
Arizona,Girl
Arjun,Boy
Arkie,Girl
Arla,Girl
Arlan,Boy
Arland,Boy
Arleen,Girl
Arlen,Boy
Arlena,Girl
Arlene,Girl
Arleth,Girl
Arletta,Girl
Arley,Boy
Arley,Girl
Arlie,Boy
Arlie,Girl
Arlin,Boy
Arline,Girl
Arlington,Boy
Arlis,Boy
Arlo,Boy
Arly,Girl
Arlyn,Boy
Arlyne,Girl
Arman,Boy
Armand,Boy
Armando,Boy
Armani,Boy
Armani,Girl
Armida,Girl
Armin,Boy
Arminda,Girl
Arminta,Girl
Armond,Boy
Armstead,Boy
Arnav,Boy
Arne,Boy
Arnett,Boy
Arnetta,Girl
Arnie,Boy
Arno,Boy
Arnold,Boy
Arnoldo,Boy
Arnulfo,Boy
Aron,Boy
Arra,Girl
Arrie,Girl
Arron,Boy
Arsenio,Boy
Art,Boy
Arta,Girl
Artelia,Girl
Arther,Boy
Arthor,Boy
Arthur,Boy
Arthur,Girl
Artie,Boy
Artie,Girl
Artis,Boy
Arturo,Boy
Arvel,Boy
Arvid,Boy
Arvil,Boy
Arvilla,Girl
Arvin,Boy
Arvo,Boy
Aryan,Boy
Aryana,Girl
Aryanna,Girl
Asa,Boy
Asberry,Boy
Asbury,Boy
Asha,Girl
Ashanti,Girl
Ashby,Boy
Ashely,Girl
Asher,Boy
Ashlea,Girl
Ashlee,Girl
Ashleigh,Girl
Ashley,Boy
Ashley,Girl
Ashli,Girl
Ashlie,Girl
Ashly,Girl
Ashlyn,Girl
Ashlynn,Girl
Ashton,Boy
Ashton,Girl
Ashtyn,Girl
Asia,Girl
Ason,Girl
Aspen,Girl
Assunta,Girl
Astrid,Girl
Atha,Boy
Atha,Girl
Athena,Girl
Atlas,Boy
Atticus,Boy
Attie,Girl
Attilio,Boy
Aubra,Boy
Aubree,Girl
Aubrey,Boy
Aubrey,Girl
Aubrie,Girl
Audie,Boy
Audie,Girl
Audley,Boy
Audra,Girl
Audrey,Boy
Audrey,Girl
Audriana,Girl
Audrianna,Girl
Audrina,Girl
Audry,Girl
Audy,Boy
August,Boy
Augusta,Boy
Augusta,Girl
Auguste,Boy
Augustin,Boy
Augustina,Girl
Augustine,Boy
Augustine,Girl
Augustus,Boy
Aura,Girl
Aurelia,Girl
Aurelio,Boy
Aurilla,Girl
Aurora,Girl
Aurore,Girl
Aurthur,Boy
Austen,Boy
Austin,Boy
Austin,Girl
Auston,Boy
Austyn,Boy
Auther,Boy
Author,Boy
Authur,Boy
Autry,Boy
Autumn,Girl
Ava,Girl
Avah,Girl
Averi,Girl
Averie,Girl
Avery,Boy
Avery,Girl
Avie,Girl
Avis,Girl
Avon,Boy
Axel,Boy
Ayaan,Boy
Ayana,Girl
Ayanna,Girl
Aydan,Boy
Ayden,Boy
Aydin,Boy
Ayesha,Girl
Ayla,Girl
Aylin,Girl
Azalee,Girl
Azaria,Girl
Azul,Girl
Azzie,Girl
Babe,Boy
Babette,Girl
Baby,Boy
Baby,Girl
Babyboy,Boy
Bailee,Girl
Bailey,Boy
Bailey,Girl
Baker,Boy
Baldwin,Boy
Ballard,Boy
Bama,Girl
Bambi,Girl
Banks,Boy
Barb,Girl
Barbara,Boy
Barbara,Girl
Barbie,Girl
Barbra,Girl
Barnard,Boy
Barnett,Boy
Barney,Boy
Barnie,Boy
Baron,Boy
Barrett,Boy
Barrie,Boy
Barron,Boy
Barry,Boy
Bart,Boy
Bartholomew,Boy
Bartley,Boy
Barton,Boy
Bascom,Boy
Basil,Boy
Baxter,Boy
Bayard,Boy
Baylee,Girl
Baylie,Girl
Bea,Girl
Beadie,Girl
Beatrice,Boy
Beatrice,Girl
Beatrix,Girl
Beatriz,Girl
Beau,Boy
Beaulah,Girl
Bebe,Girl
Beckett,Boy
Beckham,Boy
Beckie,Girl
Becky,Girl
Beda,Girl
Bedford,Boy
Bee,Boy
Bee,Girl
Beecher,Boy
Belen,Girl
Belia,Girl
Belinda,Girl
Bell,Boy
Bell,Girl
Bella,Girl
Belle,Girl
Belton,Boy
Belva,Girl
Ben,Boy
Bena,Girl
Benard,Boy
Benedict,Boy
Benita,Girl
Benito,Boy
Benjaman,Boy
Benjamen,Boy
Benjamin,Boy
Benjamine,Boy
Benji,Boy
Benjiman,Boy
Benjman,Boy
Bennett,Boy
Bennie,Boy
Bennie,Girl
Benny,Boy
Benson,Boy
Bentley,Boy
Benton,Boy
Berdie,Girl
Berenice,Girl
Berkley,Boy
Berlin,Boy
Bernadette,Girl
Bernadine,Girl
Bernard,Boy
Bernardine,Girl
Bernardo,Boy
Berneice,Girl
Bernetta,Girl
Bernhard,Boy
Bernice,Boy
Bernice,Girl
Bernie,Boy
Berniece,Girl
Bernita,Girl
Berry,Boy
Bert,Boy
Bert,Girl
Berta,Girl
Bertha,Boy
Bertha,Girl
Bertie,Boy
Bertie,Girl
Bertina,Girl
Berton,Boy
Bertram,Boy
Bertrand,Boy
Beryl,Boy
Beryl,Girl
Bess,Girl
Besse,Girl
Bessie,Boy
Bessie,Girl
Beth,Girl
Betha,Girl
Bethann,Girl
Bethany,Girl
Bethel,Boy
Bethel,Girl
Bethzy,Girl
Betsey,Girl
Betsy,Girl
Bette,Girl
Bettie,Girl
Bettina,Girl
Betty,Boy
Betty,Girl
Bettye,Girl
Bettyjane,Girl
Bettylou,Girl
Beula,Girl
Beulah,Boy
Beulah,Girl
Bev,Girl
Beverlee,Girl
Beverley,Girl
Beverly,Boy
Beverly,Girl
Beyonce,Girl
Bianca,Girl
Biddie,Girl
Bilal,Boy
Bill,Boy
Billie,Boy
Billie,Girl
Billy,Boy
Billy,Girl
Billye,Girl
Bina,Girl
Bird,Boy
Bird,Girl
Birdella,Girl
Birdie,Girl
Birt,Boy
Birtha,Girl
Birtie,Girl
Bishop,Boy
Bjorn,Boy
Blain,Boy
Blaine,Boy
Blair,Boy
Blair,Girl
Blaise,Boy
Blake,Boy
Blake,Girl
Blanca,Girl
Blanch,Girl
Blanchard,Boy
Blanche,Boy
Blanche,Girl
Blanchie,Girl
Blane,Boy
Blas,Boy
Blaze,Boy
Bliss,Boy
Blossom,Girl
Bluford,Boy
Bo,Boy
Bob,Boy
Bobbi,Girl
Bobbie,Boy
Bobbie,Girl
Bobby,Boy
Bobby,Girl
Bobbye,Girl
Bode,Boy
Bolden,Boy
Bonita,Girl
Bonnie,Boy
Bonnie,Girl
Bonny,Girl
Booker,Boy
Boone,Boy
Boris,Boy
Bose,Boy
Boss,Boy
Boston,Boy
Bowman,Boy
Boyce,Boy
Boyd,Boy
Boysie,Boy
Brad,Boy
Braden,Boy
Bradford,Boy
Bradley,Boy
Bradly,Boy
Brady,Boy
Bradyn,Boy
Braeden,Boy
Braedon,Boy
Braelyn,Girl
Braiden,Boy
Brain,Boy
Branch,Boy
Brandan,Boy
Brande,Girl
Brandee,Girl
Branden,Boy
Brandi,Girl
Brandie,Girl
Brandin,Boy
Brandon,Boy
Brandon,Girl
Brandt,Boy
Brandy,Boy
Brandy,Girl
Brandyn,Boy
Brannon,Boy
Branson,Boy
Brant,Boy
Brantley,Boy
Braulio,Boy
Braxton,Boy
Brayan,Boy
Brayden,Boy
Braydon,Boy
Braylen,Boy
Braylon,Boy
Brea,Girl
Breana,Girl
Breann,Girl
Breanna,Girl
Breanne,Girl
Bree,Girl
Brenda,Boy
Brenda,Girl
Brendan,Boy
Brenden,Boy
Brendon,Boy
Brenna,Girl
Brennan,Boy
Brennen,Boy
Brennon,Boy
Brent,Boy
Brenton,Boy
Breonna,Girl
Bret,Boy
Brett,Boy
Brett,Girl
Bria,Girl
Brian,Boy
Brian,Girl
Briana,Girl
Brianda,Girl
Brianna,Girl
Brianne,Girl
Brice,Boy
Bridger,Boy
Bridget,Girl
Bridgett,Girl
Bridgette,Girl
Brielle,Girl
Brien,Boy
Brigette,Girl
Brigid,Girl
Brigitte,Girl
Briley,Girl
Brinda,Girl
Brion,Boy
Brionna,Girl
Brisa,Girl
Britany,Girl
Britney,Girl
Britni,Girl
Britny,Girl
Britt,Boy
Britt,Girl
Britta,Girl
Brittaney,Girl
Brittani,Girl
Brittanie,Girl
Brittany,Boy
Brittany,Girl
Brittnay,Girl
Brittnee,Girl
Brittney,Girl
Brittni,Girl
Brittnie,Girl
Brittny,Girl
Britton,Boy
Brock,Boy
Broderick,Boy
Brodie,Boy
Brody,Boy
Brogan,Boy
Bronson,Boy
Brook,Boy
Brook,Girl
Brooke,Girl
Brooklyn,Girl
Brooklynn,Girl
Brooks,Boy
Brown,Boy
Bruce,Boy
Bruno,Boy
Bryan,Boy
Bryana,Girl
Bryanna,Girl
Bryant,Boy
Bryce,Boy
Brycen,Boy
Brylee,Girl
Bryn,Girl
Brynlee,Girl
Brynn,Girl
Bryon,Boy
Bryson,Boy
Bryton,Boy
Buck,Boy
Bud,Boy
Budd,Boy
Buddie,Boy
Buddy,Boy
Buel,Boy
Buelah,Girl
Buell,Boy
Buena,Girl
Buffy,Girl
Buford,Boy
Bula,Girl
Bulah,Girl
Buna,Girl
Bunk,Boy
Burdette,Boy
Buren,Boy
Burgess,Boy
Burk,Boy
Burke,Boy
Burl,Boy
Burleigh,Boy
Burley,Boy
Burnell,Boy
Burnett,Boy
Burney,Boy
Burnice,Boy
Burnice,Girl
Burnie,Boy
Burns,Boy
Burr,Boy
Burrel,Boy
Burrell,Boy
Burt,Boy
Burton,Boy
Bush,Boy
Buster,Boy
Butch,Boy
Butler,Boy
Bynum,Boy
Byrd,Boy
Byrd,Girl
Byrdie,Girl
Byron,Boy
Caddie,Girl
Cade,Boy
Caden,Boy
Cadence,Girl
Cael,Boy
Caesar,Boy
Caiden,Boy
Cailyn,Girl
Cain,Boy
Caitlin,Girl
Caitlyn,Girl
Caitlynn,Girl
Cal,Boy
Caldonia,Girl
Cale,Boy
Caleb,Boy
Caleigh,Girl
Calhoun,Boy
Cali,Girl
Calista,Girl
Calla,Girl
Callie,Boy
Callie,Girl
Callum,Boy
Calvin,Boy
Cam,Boy
Camden,Boy
Cameron,Boy
Cameron,Girl
Cami,Girl
Camila,Girl
Camilla,Girl
Camille,Boy
Camille,Girl
Camisha,Girl
Cammie,Girl
Campbell,Boy
Campbell,Girl
Camren,Boy
Camron,Boy
Camryn,Boy
Camryn,Girl
Candace,Girl
Candi,Girl
Candice,Girl
Candida,Girl
Candido,Boy
Candis,Girl
Candy,Girl
Candyce,Girl
Cannie,Girl
Cannon,Boy
Canyon,Boy
Cap,Boy
Capitola,Girl
Cappie,Girl
Caprice,Girl
Captain,Boy
Cara,Girl
Caren,Girl
Carey,Boy
Carey,Girl
Cari,Girl
Carie,Girl
Carin,Girl
Carina,Girl
Carisa,Girl
Carissa,Girl
Carl,Boy
Carl,Girl
Carla,Girl
Carlee,Girl
Carleen,Girl
Carleigh,Girl
Carlene,Girl
Carleton,Boy
Carley,Girl
Carli,Girl
Carlie,Boy
Carlie,Girl
Carlisle,Boy
Carlo,Boy
Carlos,Boy
Carlota,Girl
Carlotta,Girl
Carlton,Boy
Carly,Girl
Carlyle,Boy
Carlyn,Girl
Carma,Girl
Carmel,Boy
Carmel,Girl
Carmela,Girl
Carmelita,Girl
Carmella,Girl
Carmelo,Boy
Carmen,Boy
Carmen,Girl
Carmine,Boy
Carnell,Boy
Caro,Girl
Carol,Boy
Carol,Girl
Carolann,Girl
Carole,Girl
Carolee,Girl
Carolina,Girl
Caroline,Boy
Caroline,Girl
Carolyn,Boy
Carolyn,Girl
Carolyne,Girl
Carolynn,Girl
Caron,Girl
Carra,Girl
Carri,Girl
Carrie,Boy
Carrie,Girl
Carrol,Boy
Carrol,Girl
Carroll,Boy
Carroll,Girl
Carry,Girl
Carsen,Boy
Carson,Boy
Carson,Girl
Carter,Boy
Cary,Boy
Cary,Girl
Caryl,Girl
Caryn,Girl
Cas,Boy
Casandra,Girl
Case,Boy
Casey,Boy
Casey,Girl
Cash,Boy
Casie,Girl
Casimer,Boy
Casimir,Boy
Casimiro,Boy
Cason,Boy
Casper,Boy
Cass,Boy
Cassandra,Girl
Cassidy,Boy
Cassidy,Girl
Cassie,Boy
Cassie,Girl
Cassius,Boy
Cassondra,Girl
Caswell,Boy
Catalina,Girl
Catharine,Girl
Catherine,Boy
Catherine,Girl
Cathern,Girl
Cathey,Girl
Cathi,Girl
Cathie,Girl
Cathleen,Girl
Cathrine,Girl
Cathryn,Girl
Cathy,Girl
Catina,Girl
Cato,Boy
Catrina,Girl
Cayden,Boy
Cayla,Girl
Caylee,Girl
Ceasar,Boy
Cecelia,Girl
Cecil,Boy
Cecil,Girl
Cecile,Girl
Cecilia,Girl
Cecily,Girl
Cedric,Boy
Cedrick,Boy
Ceil,Girl
Celena,Girl
Celesta,Girl
Celeste,Girl
Celestia,Girl
Celestine,Girl
Celestino,Boy
Celia,Girl
Celie,Girl
Celina,Girl
Celine,Girl
Cena,Girl
Ceola,Girl
Cephus,Boy
Cesar,Boy
Ceylon,Boy
Chace,Boy
Chad,Boy
Chadd,Boy
Chadrick,Boy
Chadwick,Boy
Chaim,Boy
Chaka,Girl
Chalmer,Boy
Chalmers,Boy
Champ,Boy
Chana,Girl
Chance,Boy
Chancey,Boy
Chancy,Boy
Chanda,Girl
Chandler,Boy
Chandler,Girl
Chandra,Girl
Chanel,Girl
Chanelle,Girl
Chaney,Girl
Chanie,Girl
Channie,Girl
Channing,Boy
Channing,Girl
Chantal,Girl
Chante,Girl
Chantel,Girl
Chantelle,Girl
Charissa,Girl
Charisse,Girl
Charity,Girl
Charla,Girl
Charle,Boy
Charlee,Girl
Charleen,Girl
Charlene,Girl
Charles,Boy
Charles,Girl
Charley,Boy
Charlie,Boy
Charlie,Girl
Charline,Girl
Charlize,Girl
Charlotta,Girl
Charlotte,Girl
Charlottie,Girl
Charls,Boy
Charlsie,Girl
Charlton,Boy
Charly,Boy
Charmaine,Girl
Charolette,Girl
Chas,Boy
Chase,Boy
Chase,Girl
Chasity,Girl
Chastity,Girl
Chauncey,Boy
Chauncy,Boy
Chaya,Girl
Chaz,Boy
Che,Boy
Chelsea,Girl
Chelsey,Girl
Chelsi,Girl
Chelsie,Girl
Chelsy,Girl
Cher,Girl
Cherelle,Girl
Cheri,Girl
Cherie,Girl
Cherilyn,Girl
Cherise,Girl
Cherish,Girl
Cherrelle,Girl
Cherri,Girl
Cherrie,Girl
Cherry,Girl
Cherryl,Girl
Cheryl,Boy
Cheryl,Girl
Cheryle,Girl
Cheryll,Girl
Chesley,Boy
Chessie,Girl
Chester,Boy
Chester,Girl
Chestina,Girl
Chet,Boy
Cheyanne,Girl
Cheyenne,Boy
Cheyenne,Girl
Chimere,Girl
Chin,Boy
China,Girl
Chip,Boy
Chiquita,Girl
Chloe,Girl
Chloie,Girl
Chris,Boy
Chris,Girl
Chrissie,Girl
Chrissy,Girl
Christ,Boy
Christa,Girl
Christal,Girl
Christeen,Girl
Christel,Girl
Christen,Girl
Christena,Girl
Christene,Girl
Christi,Girl
Christian,Boy
Christian,Girl
Christiana,Girl
Christie,Girl
Christin,Girl
Christina,Boy
Christina,Girl
Christine,Girl
Christion,Boy
Christop,Boy
Christoper,Boy
Christopher,Boy
Christopher,Girl
Christy,Boy
Christy,Girl
Chrystal,Girl
Chuck,Boy
Chyna,Girl
Chynna,Girl
Ciara,Girl
Ciarra,Girl
Cicely,Girl
Cicero,Boy
Cielo,Girl
Ciera,Girl
Cierra,Girl
Ciji,Girl
Cilla,Girl
Cinda,Girl
Cindi,Girl
Cindy,Girl
Cinnamon,Girl
Cinthia,Girl
Citlali,Girl
Citlalli,Girl
Clabe,Boy
Claiborne,Boy
Clair,Boy
Clair,Girl
Claire,Boy
Claire,Girl
Clara,Boy
Clara,Girl
Clarabelle,Girl
Clarance,Boy
Clare,Boy
Clare,Girl
Clarence,Boy
Clarence,Girl
Claribel,Girl
Clarice,Girl
Clarinda,Girl
Clarine,Girl
Clarisa,Girl
Clarissa,Girl
Clark,Boy
Clarke,Boy
Clarnce,Boy
Classie,Girl
Claud,Boy
Claude,Boy
Claude,Girl
Claudette,Girl
Claudia,Girl
Claudie,Boy
Claudie,Girl
Claudine,Girl
Claudio,Boy
Claudius,Boy
Claus,Boy
Clay,Boy
Clayton,Boy
Clearence,Boy
Cleave,Boy
Cleda,Girl
Clell,Boy
Clella,Girl
Clem,Boy
Clem,Girl
Clemence,Boy
Clemence,Girl
Clemens,Boy
Clement,Boy
Clemente,Boy
Clementina,Girl
Clementine,Girl
Clemie,Girl
Clemma,Girl
Clemmie,Boy
Clemmie,Girl
Clemon,Boy
Cleo,Boy
Cleo,Girl
Cleola,Girl
Cleon,Boy
Cleone,Girl
Cleora,Girl
Cleta,Girl
Cletus,Boy
Cleva,Girl
Cleve,Boy
Cleveland,Boy
Clevie,Girl
Clide,Boy
Cliff,Boy
Cliffie,Girl
Clifford,Boy
Clifford,Girl
Clifton,Boy
Clint,Boy
Clinton,Boy
Clive,Boy
Cloe,Girl
Clora,Girl
Clotilda,Girl
Clotilde,Girl
Clovis,Boy
Cloyd,Boy
Clyda,Girl
Clyde,Boy
Clyde,Girl
Clydie,Girl
Clytie,Girl
Coby,Boy
Codey,Boy
Codi,Boy
Codie,Boy
Cody,Boy
Cody,Girl
Coen,Boy
Cohen,Boy
Colbert,Boy
Colby,Boy
Cole,Boy
Coleen,Girl
Coleman,Boy
Coleton,Boy
Coletta,Girl
Colette,Girl
Coley,Boy
Colie,Boy
Colin,Boy
Colleen,Girl
Collette,Girl
Collie,Boy
Collier,Boy
Collin,Boy
Collins,Boy
Collis,Boy
Colon,Boy
Colonel,Boy
Colt,Boy
Colten,Boy
Colter,Boy
Colton,Boy
Columbia,Girl
Columbus,Boy
Colvin,Boy
Commodore,Boy
Con,Boy
Conard,Boy
Concepcion,Girl
Concetta,Girl
Concha,Girl
Conley,Boy
Conner,Boy
Connie,Boy
Connie,Girl
Connor,Boy
Conor,Boy
Conrad,Boy
Constance,Girl
Constantine,Boy
Consuela,Girl
Consuelo,Girl
Contina,Girl
Conway,Boy
Coolidge,Boy
Cooper,Boy
Cora,Boy
Cora,Girl
Coraima,Girl
Coral,Girl
Coralie,Girl
Corbett,Boy
Corbin,Boy
Corda,Girl
Cordaro,Boy
Cordelia,Girl
Cordell,Boy
Cordella,Girl
Cordero,Boy
Cordia,Girl
Cordie,Girl
Corean,Girl
Corene,Girl
Coretta,Girl
Corey,Boy
Corey,Girl
Cori,Girl
Corie,Girl
Corina,Girl
Corine,Girl
Corinna,Girl
Corinne,Girl
Corliss,Girl
Cornel,Boy
Cornelia,Girl
Cornelious,Boy
Cornelius,Boy
Cornell,Boy
Cornie,Girl
Corrie,Girl
Corrina,Girl
Corrine,Girl
Corry,Boy
Cortez,Boy
Cortney,Boy
Cortney,Girl
Corwin,Boy
Cory,Boy
Cory,Girl
Cosmo,Boy
Coty,Boy
Council,Boy
Courtland,Boy
Courtney,Boy
Courtney,Girl
Coy,Boy
Craig,Boy
Crawford,Boy
Creed,Boy
Creola,Girl
Cressie,Girl
Crete,Girl
Cris,Boy
Crissie,Girl
Crissy,Girl
Crista,Girl
Cristal,Girl
Cristen,Girl
Cristi,Girl
Cristian,Boy
Cristin,Girl
Cristina,Girl
Cristine,Girl
Cristobal,Boy
Cristofer,Boy
Cristopher,Boy
Cristy,Girl
Crockett,Boy
Cruz,Boy
Cruz,Girl
Crysta,Girl
Crystal,Boy
Crystal,Girl
Cuba,Girl
Cullen,Boy
Curley,Boy
Curt,Boy
Curtis,Boy
Curtiss,Boy
Cydney,Girl
Cyndi,Girl
Cyntha,Girl
Cynthia,Boy
Cynthia,Girl
Cyril,Boy
Cyrus,Boy
Dabney,Boy
Dafne,Girl
Dagmar,Girl
Dagny,Girl
Dahlia,Girl
Daija,Girl
Daijah,Girl
Daisey,Girl
Daisha,Girl
Daisie,Girl
Daisy,Boy
Daisy,Girl
Daisye,Girl
Daja,Girl
Dakoda,Boy
Dakota,Boy
Dakota,Girl
Dakotah,Boy
Dale,Boy
Dale,Girl
Dalia,Girl
Dallas,Boy
Dallas,Girl
Dallin,Boy
Dalton,Boy
Dalvin,Boy
Damarcus,Boy
Damari,Boy
Damarion,Boy
Damaris,Girl
Dameon,Boy
Damian,Boy
Damien,Boy
Damion,Boy
Damon,Boy
Damond,Boy
Dan,Boy
Dana,Boy
Dana,Girl
Danae,Girl
Dandre,Boy
Dane,Boy
Daneen,Girl
Danelle,Girl
Danette,Girl
Dangelo,Boy
Dani,Girl
Dania,Girl
Danial,Boy
Danica,Girl
Daniel,Boy
Daniel,Girl
Daniela,Girl
Daniele,Girl
Daniella,Girl
Danielle,Boy
Danielle,Girl
Danika,Girl
Danita,Girl
Dann,Boy
Danna,Girl
Dannie,Boy
Dannie,Girl
Danniel,Boy
Dannielle,Girl
Danny,Boy
Dante,Boy
Danyel,Girl
Danyell,Girl
Danyelle,Girl
Daphne,Girl
Daquan,Boy
Dara,Girl
Darby,Boy
Darby,Girl
Darci,Girl
Darcie,Girl
Darcy,Boy
Darcy,Girl
Darell,Boy
Daren,Boy
Daria,Girl
Darian,Boy
Darian,Girl
Dariana,Girl
Darien,Boy
Darin,Boy
Dario,Boy
Darion,Boy
Darius,Boy
Darl,Boy
Darla,Girl
Darleen,Girl
Darlene,Girl
Darline,Girl
Darlyne,Girl
Darnell,Boy
Darold,Boy
Daron,Boy
Darrel,Boy
Darrell,Boy
Darren,Boy
Darrian,Boy
Darrick,Boy
Darrien,Boy
Darrin,Boy
Darrion,Boy
Darrius,Boy
Darron,Boy
Darry,Boy
Darryl,Boy
Darryle,Boy
Darryll,Boy
Darryn,Boy
Darvin,Boy
Darwin,Boy
Darwyn,Boy
Daryl,Boy
Daryl,Girl
Daryle,Boy
Daryn,Boy
Dashawn,Boy
Dasia,Girl
Daulton,Boy
Daunte,Boy
Davante,Boy
Dave,Boy
Dave,Girl
Davey,Boy
Davian,Boy
David,Boy
David,Girl
Davie,Boy
Davin,Boy
Davina,Girl
Davion,Boy
Davis,Boy
Davon,Boy
Davonta,Boy
Davonte,Boy
Davy,Boy
Dawn,Girl
Dawna,Girl
Dawne,Girl
Dawson,Boy
Dax,Boy
Daxton,Boy
Dayami,Girl
Dayana,Girl
Dayanara,Girl
Dayle,Girl
Dayna,Girl
Dayne,Boy
Dayse,Girl
Dayton,Boy
Deacon,Boy
Dean,Boy
Dean,Girl
Deana,Girl
Deandra,Girl
Deandre,Boy
Deane,Boy
Deangelo,Boy
Deann,Girl
Deanna,Girl
Deanne,Girl
Deante,Boy
Deasia,Girl
Deb,Girl
Debbi,Girl
Debbie,Girl
Debbra,Girl
Debby,Girl
Debera,Girl
Debi,Girl
Debora,Girl
Deborah,Boy
Deborah,Girl
Deborrah,Girl
Debra,Boy
Debra,Girl
Debrah,Girl
Debroah,Girl
Declan,Boy
Dedra,Girl
Dedric,Boy
Dedrick,Boy
Dee,Boy
Dee,Girl
Deeann,Girl
Deedee,Girl
Deegan,Boy
Deena,Girl
Deetta,Girl
Deforest,Boy
Deidra,Girl
Deidre,Girl
Deion,Boy
Deirdre,Girl
Deja,Girl
Dejah,Girl
Dejon,Boy
Dejuan,Boy
Del,Boy
Delaney,Girl
Delano,Boy
Delbert,Boy
Delcie,Girl
Delfina,Girl
Delia,Girl
Deliah,Girl
Delila,Girl
Delilah,Girl
Delina,Girl
Delinda,Girl
Delisa,Girl
Dell,Boy
Dell,Girl
Della,Boy
Della,Girl
Dellar,Girl
Delle,Girl
Dellia,Girl
Dellie,Girl
Delma,Boy
Delma,Girl
Delmar,Boy
Delmas,Boy
Delmer,Boy
Delmus,Boy
Delois,Girl
Delora,Girl
Delores,Girl
Deloris,Girl
Delos,Boy
Delpha,Girl
Delphia,Girl
Delphin,Boy
Delphine,Girl
Delsie,Girl
Delta,Girl
Delton,Boy
Delvin,Boy
Delwin,Boy
Dema,Girl
Demarco,Boy
Demarcus,Boy
Demario,Boy
Demarion,Boy
Demetra,Girl
Demetri,Boy
Demetria,Girl
Demetric,Boy
Demetrios,Boy
Demetrius,Boy
Demi,Girl
Demian,Boy
Demond,Boy
Demonte,Boy
Dempsey,Boy
Dena,Girl
Deneen,Girl
Denese,Girl
Denice,Girl
Denine,Girl
Denis,Boy
Denise,Girl
Denisha,Girl
Denisse,Girl
Denita,Girl
Dennie,Boy
Dennie,Girl
Dennis,Boy
Dennis,Girl
Denny,Boy
Denton,Boy
Denver,Boy
Denzel,Boy
Denzell,Boy
Denzil,Boy
Deon,Boy
Deondre,Boy
Deonta,Boy
Deontae,Boy
Deonte,Boy
Dequan,Boy
Derald,Boy
Dereck,Boy
Derek,Boy
Dereon,Boy
Deric,Boy
Derick,Boy
Derik,Boy
Derl,Boy
Deron,Boy
Derrek,Boy
Derrell,Boy
Derrick,Boy
Derwin,Boy
Deryl,Boy
Desean,Boy
Deshaun,Boy
Deshawn,Boy
Desi,Boy
Desirae,Girl
Desiree,Girl
Desmond,Boy
Dessa,Girl
Dessie,Boy
Dessie,Girl
Destany,Girl
Destin,Boy
Destinee,Girl
Destiney,Girl
Destini,Girl
Destiny,Girl
Destry,Boy
Devan,Boy
Devan,Girl
Devante,Boy
Devaughn,Boy
Deven,Boy
Devin,Boy
Devin,Girl
Devon,Boy
Devon,Girl
Devonta,Boy
Devontae,Boy
Devonte,Boy
Devyn,Boy
Devyn,Girl
Deward,Boy
Dewayne,Boy
Dewey,Boy
Dewey,Girl
Dewitt,Boy
Dexter,Boy
Deyanira,Girl
Dezzie,Girl
Diallo,Boy
Diamond,Boy
Diamond,Girl
Dian,Girl
Diana,Girl
Diandra,Girl
Diane,Boy
Diane,Girl
Diann,Girl
Dianna,Girl
Dianne,Girl
Dicie,Girl
Dick,Boy
Dickie,Boy
Dicy,Girl
Diego,Boy
Dijon,Boy
Dillan,Boy
Dillard,Boy
Dillie,Girl
Dillion,Boy
Dillon,Boy
Dimitri,Boy
Dimitrios,Boy
Dimple,Girl
Dina,Girl
Dinah,Girl
Dink,Boy
Dino,Boy
Dion,Boy
Dione,Girl
Dionicio,Boy
Dionne,Girl
Dionte,Boy
Dirk,Boy
Dixie,Boy
Dixie,Girl
Dixon,Boy
Diya,Girl
Djuana,Girl
Djuna,Girl
Doc,Boy
Docia,Girl
Dock,Boy
Doctor,Boy
Dola,Girl
Doll,Boy
Dollie,Girl
Dolly,Girl
Dollye,Girl
Dolores,Boy
Dolores,Girl
Doloris,Girl
Dolph,Boy
Dolphus,Boy
Domenic,Boy
Domenica,Girl
Domenick,Boy
Domenico,Boy
Dominga,Girl
Domingo,Boy
Dominic,Boy
Dominick,Boy
Dominik,Boy
Dominique,Boy
Dominique,Girl
Dominque,Boy
Dominque,Girl
Domonique,Boy
Domonique,Girl
Don,Boy
Dona,Girl
Donaciano,Boy
Donal,Boy
Donald,Boy
Donald,Girl
Donat,Boy
Donato,Boy
Donavan,Boy
Donavon,Boy
Dondre,Boy
Donell,Boy
Donia,Girl
Donie,Girl
Donita,Girl
Donn,Boy
Donna,Boy
Donna,Girl
Donnell,Boy
Donnie,Boy
Donnie,Girl
Donny,Boy
Donovan,Boy
Donta,Boy
Dontae,Boy
Donte,Boy
Dora,Boy
Dora,Girl
Dorathea,Girl
Dorathy,Girl
Dorcas,Girl
Doreen,Girl
Dorene,Girl
Doretha,Girl
Doretta,Girl
Dori,Girl
Dorian,Boy
Dorinda,Girl
Dorine,Girl
Doris,Boy
Doris,Girl
Dorla,Girl
Dorman,Boy
Dorotha,Girl
Dorothea,Girl
Dorothy,Boy
Dorothy,Girl
Dorr,Boy
Dorris,Boy
Dorris,Girl
Dorsey,Boy
Dortha,Girl
Dorthea,Girl
Dorthey,Girl
Dorthy,Girl
Dosha,Girl
Doshia,Girl
Doshie,Girl
Dosia,Girl
Doss,Boy
Dossie,Girl
Dot,Girl
Dottie,Girl
Dotty,Girl
Doug,Boy
Douglas,Boy
Douglass,Boy
Dove,Girl
Dovie,Girl
Dow,Boy
Doyle,Boy
Dozier,Boy
Drake,Boy
Draven,Boy
Drema,Girl
Drew,Boy
Drew,Girl
Drucilla,Girl
Drury,Boy
Drusilla,Girl
Duane,Boy
Duard,Boy
Dudley,Boy
Duff,Boy
Duke,Boy
Dulce,Girl
Dulcie,Girl
Duncan,Boy
Durell,Boy
Durrell,Boy
Durward,Boy
Durwood,Boy
Dustan,Boy
Dustin,Boy
Dusty,Boy
Dusty,Girl
Duwayne,Boy
Dwain,Boy
Dwaine,Boy
Dwan,Girl
Dwane,Boy
Dwayne,Boy
Dwight,Boy
Dwyane,Boy
Dyan,Girl
Dylan,Boy
Dylan,Girl
Dyllan,Boy
Dylon,Boy
Ean,Boy
Earl,Boy
Earl,Girl
Earle,Boy
Earlean,Girl
Earlene,Girl
Earley,Boy
Earlie,Boy
Earlie,Girl
Earline,Girl
Early,Boy
Earnest,Boy
Earnestine,Girl
Eartha,Girl
Easter,Girl
Easton,Boy
Eathel,Girl
Ebb,Boy
Ebba,Girl
Ebbie,Boy
Eben,Boy
Ebenezer,Boy
Eber,Boy
Ebert,Boy
Eboni,Girl
Ebony,Girl
Echo,Girl
Ed,Boy
Eda,Girl
Edd,Boy
Eddie,Boy
Eddie,Girl
Eddy,Boy
Eden,Boy
Eden,Girl
Edgar,Boy
Edgar,Girl
Edgardo,Boy
Edie,Boy
Edie,Girl
Edison,Boy
Edith,Boy
Edith,Girl
Edla,Girl
Edmon,Boy
Edmond,Boy
Edmonia,Girl
Edmund,Boy
Edna,Boy
Edna,Girl
Ednah,Girl
Edra,Girl
Edrie,Girl
Edris,Girl
Edsel,Boy
Edson,Boy
Eduardo,Boy
Edw,Boy
Edward,Boy
Edward,Girl
Edwardo,Boy
Edwin,Boy
Edwina,Girl
Edyth,Girl
Edythe,Girl
Effa,Girl
Effie,Boy
Effie,Girl
Efrain,Boy
Efrem,Boy
Efren,Boy
Egbert,Boy
Eileen,Girl
Einar,Boy
Eino,Boy
Eithel,Girl
Ela,Girl
Elaina,Girl
Elaine,Girl
Elam,Boy
Elana,Girl
Elayne,Girl
Elba,Girl
Elbert,Boy
Elberta,Girl
Elbridge,Boy
Elby,Boy
Elda,Girl
Elden,Boy
Elder,Boy
Eldon,Boy
Eldora,Girl
Eldred,Boy
Eldridge,Boy
Eleanor,Boy
Eleanor,Girl
Eleanora,Girl
Eleanore,Girl
Elease,Girl
Electa,Girl
Elena,Girl
Eleni,Girl
Elenor,Girl
Elenora,Girl
Elenore,Girl
Eleonora,Girl
Eleonore,Girl
Elex,Boy
Elfie,Girl
Elfreda,Girl
Elfrieda,Girl
Elgie,Boy
Elgie,Girl
Elgin,Boy
Eli,Boy
Elia,Girl
Elian,Boy
Eliana,Girl
Elianna,Girl
Elias,Boy
Elick,Boy
Elida,Girl
Elie,Boy
Eliezer,Boy
Eliga,Boy
Eligah,Boy
Elige,Boy
Elihu,Boy
Elijah,Boy
Elinor,Girl
Elinore,Girl
Eliot,Boy
Elisa,Girl
Elisabeth,Girl
Elise,Girl
Eliseo,Boy
Elisha,Boy
Elisha,Girl
Elissa,Girl
Eliza,Boy
Eliza,Girl
Elizabet,Girl
Elizabeth,Boy
Elizabeth,Girl
Elizah,Boy
Elizbeth,Girl
Elizebeth,Girl
Ell,Boy
Ella,Boy
Ella,Girl
Ellamae,Girl
Ellar,Girl
Elle,Girl
Ellen,Boy
Ellen,Girl
Eller,Girl
Ellery,Boy
Elliana,Girl
Ellie,Boy
Ellie,Girl
Elliot,Boy
Elliott,Boy
Ellis,Boy
Ellis,Girl
Ellison,Boy
Ellsworth,Boy
Ellwood,Boy
Ellyn,Girl
Elma,Girl
Elmer,Boy
Elmer,Girl
Elmina,Girl
Elmira,Girl
Elmire,Girl
Elmo,Boy
Elmore,Boy
Elmyra,Girl
Elna,Girl
Elnora,Girl
Elodie,Girl
Elois,Girl
Eloisa,Girl
Eloise,Girl
Elon,Boy
Elonzo,Boy
Elouise,Girl
Eloy,Boy
Elroy,Boy
Elsa,Girl
Else,Girl
Elsie,Boy
Elsie,Girl
Elsworth,Boy
Elta,Girl
Elton,Boy
Elva,Boy
Elva,Girl
Elvera,Girl
Elvia,Girl
Elvie,Boy
Elvie,Girl
Elvin,Boy
Elvina,Girl
Elvira,Girl
Elvis,Boy
Elwanda,Girl
Elwin,Boy
Elwood,Boy
Elwyn,Boy
Ely,Boy
Elyse,Girl
Elyssa,Girl
Elza,Boy
Elza,Girl
Elzada,Girl
Elzie,Boy
Elzie,Girl
Elzy,Boy
Ema,Girl
Emaline,Girl
Emanuel,Boy
Emelia,Girl
Emelie,Girl
Emeline,Girl
Emely,Girl
Emerald,Girl
Emerson,Boy
Emerson,Girl
Emery,Boy
Emery,Girl
Emett,Boy
Emil,Boy
Emile,Boy
Emilee,Girl
Emilia,Girl
Emiliano,Boy
Emilie,Girl
Emilio,Boy
Emily,Girl
Emit,Boy
Emma,Boy
Emma,Girl
Emmalee,Girl
Emmaline,Girl
Emmanuel,Boy
Emmer,Girl
Emmet,Boy
Emmett,Boy
Emmie,Girl
Emmit,Boy
Emmitt,Boy
Emmons,Boy
Emmy,Girl
Emogene,Girl
Emory,Boy
Emry,Boy
Ena,Girl
Encarnacion,Boy
Enid,Girl
Ennis,Boy
Enoch,Boy
Enola,Girl
Enos,Boy
Enrico,Boy
Enrique,Boy
Enriqueta,Girl
Enzo,Boy
Eola,Girl
Ephraim,Boy
Ephram,Boy
Ephriam,Boy
Epifanio,Boy
Eppie,Girl
Epsie,Girl
Era,Girl
Erasmo,Boy
Erasmus,Boy
Erastus,Boy
Erby,Boy
Eric,Boy
Eric,Girl
Erica,Girl
Erich,Boy
Erick,Boy
Ericka,Girl
Erie,Boy
Erie,Girl
Erik,Boy
Erika,Girl
Erin,Boy
Erin,Girl
Eris,Girl
Erla,Girl
Erland,Boy
Erle,Boy
Erlene,Girl
Erlinda,Girl
Erline,Girl
Erling,Boy
Erma,Girl
Ermina,Girl
Ermine,Girl
Erna,Girl
Ernest,Boy
Ernest,Girl
Ernestina,Girl
Ernestine,Girl
Ernesto,Boy
Ernie,Boy
Ernst,Boy
Errol,Boy
Ervin,Boy
Erving,Boy
Erwin,Boy
Erykah,Girl
Eryn,Girl
Esau,Boy
Esco,Boy
Esequiel,Boy
Esker,Boy
Esley,Boy
Esmeralda,Girl
Esperanza,Girl
Essa,Girl
Essence,Girl
Essex,Boy
Essie,Boy
Essie,Girl
Esta,Boy
Esta,Girl
Esteban,Boy
Estefani,Girl
Estefania,Girl
Estefany,Girl
Estel,Boy
Estela,Girl
Estell,Boy
Estell,Girl
Estella,Girl
Estelle,Girl
Ester,Boy
Ester,Girl
Estes,Boy
Estevan,Boy
Esther,Boy
Esther,Girl
Estie,Girl
Estill,Boy
Eston,Boy
Estrella,Girl
Etha,Girl
Ethan,Boy
Ethel,Boy
Ethel,Girl
Ethelbert,Boy
Ethelene,Girl
Ethelyn,Girl
Ethen,Boy
Ether,Girl
Ethie,Girl
Ethyl,Girl
Ethyle,Girl
Etna,Girl
Etta,Girl
Etter,Girl
Ettie,Girl
Eudora,Girl
Eugene,Boy
Eugene,Girl
Eugenia,Girl
Eugenie,Girl
Eugenio,Boy
Eula,Boy
Eula,Girl
Eulah,Girl
Eulalia,Girl
Eulalie,Girl
Euna,Girl
Eunice,Boy
Eunice,Girl
Euphemia,Girl
Eura,Girl
Eusebio,Boy
Eustace,Boy
Eva,Boy
Eva,Girl
Evalena,Girl
Evaline,Girl
Evalyn,Girl
Evan,Boy
Evander,Boy
Evangelina,Girl
Evangeline,Girl
Evans,Boy
Eve,Girl
Evelena,Girl
Evelin,Girl
Evelina,Girl
Eveline,Girl
Evelyn,Boy
Evelyn,Girl
Evelyne,Girl
Ever,Girl
Everet,Boy
Everett,Boy
Everette,Boy
Evert,Boy
Evertt,Boy
Evette,Girl
Evia,Girl
Evie,Girl
Evita,Girl
Evon,Girl
Evonne,Girl
Ewald,Boy
Ewart,Boy
Ewell,Boy
Ewin,Boy
Ewing,Boy
Exa,Girl
Exie,Girl
Ezekiel,Boy
Ezell,Boy
Ezequiel,Boy
Ezra,Boy
Ezzard,Boy
Fabian,Boy
Fabiola,Girl
Fae,Girl
Fairy,Girl
Faith,Girl
Fallon,Girl
Falon,Girl
Fannie,Boy
Fannie,Girl
Fanny,Girl
Fannye,Girl
Farah,Girl
Faron,Boy
Farrah,Girl
Farrell,Boy
Farris,Boy
Fate,Boy
Fatima,Girl
Faustino,Boy
Fawn,Girl
Fay,Boy
Fay,Girl
Faye,Girl
Fayette,Boy
Fed,Boy
Federico,Boy
Felecia,Girl
Felice,Girl
Felicia,Girl
Felicie,Girl
Felicitas,Girl
Felicity,Girl
Felipa,Girl
Felipe,Boy
Felisha,Girl
Felix,Boy
Felton,Boy
Fenton,Boy
Ferd,Boy
Ferdinand,Boy
Ferman,Boy
Fern,Boy
Fern,Girl
Fernand,Boy
Fernanda,Girl
Fernando,Boy
Ferne,Girl
Ferrell,Boy
Ferris,Boy
Festus,Boy
Fidel,Boy
Fidelia,Girl
Fidencio,Boy
Fielding,Boy
Filomena,Girl
Finis,Boy
Finley,Boy
Finley,Girl
Finn,Boy
Finnegan,Boy
Fiona,Girl
Firman,Boy
Fisher,Boy
Fitzgerald,Boy
Fitzhugh,Boy
Flavia,Girl
Fleda,Girl
Fleet,Boy
Fleeta,Girl
Flem,Boy
Fleming,Boy
Fleta,Girl
Fletcher,Boy
Flint,Boy
Flo,Girl
Flonnie,Girl
Flor,Girl
Flora,Boy
Flora,Girl
Florance,Girl
Florence,Boy
Florence,Girl
Florencio,Boy
Florene,Girl
Florentino,Boy
Floretta,Girl
Florian,Boy
Florida,Girl
Florie,Girl
Florine,Girl
Florrie,Girl
Flossie,Girl
Floy,Boy
Floy,Girl
Floyd,Boy
Floyd,Girl
Foch,Boy
Fonda,Girl
Ford,Boy
Forest,Boy
Forest,Girl
Forrest,Boy
Forrest,Girl
Foster,Boy
Fount,Boy
Foy,Boy
Fran,Girl
Franc,Girl
Frances,Boy
Frances,Girl
Francesca,Girl
Francesco,Boy
Francies,Girl
Francina,Girl
Francine,Girl
Francis,Boy
Francis,Girl
Francisca,Girl
Francisco,Boy
Francisqui,Girl
Franco,Boy
Frank,Boy
Frank,Girl
Frankie,Boy
Frankie,Girl
Franklin,Boy
Franklyn,Boy
Franz,Boy
Frazier,Boy
Fred,Boy
Fred,Girl
Freda,Girl
Freddie,Boy
Freddie,Girl
Freddy,Boy
Frederic,Boy
Frederica,Girl
Frederick,Boy
Fredericka,Girl
Fredie,Boy
Fredric,Boy
Fredrick,Boy
Fredy,Boy
Freeda,Girl
Freeman,Boy
Freida,Girl
Fremont,Boy
French,Boy
Frida,Girl
Frieda,Girl
Friend,Boy
Fritz,Boy
Frona,Girl
Fronia,Girl
Fronie,Girl
Fronnie,Girl
Fuller,Boy
Fulton,Boy
Fumiko,Girl
Furman,Boy
Gabe,Boy
Gabriel,Boy
Gabriel,Girl
Gabriela,Girl
Gabriella,Girl
Gabrielle,Girl
Gael,Boy
Gaetano,Boy
Gage,Boy
Gaige,Boy
Gail,Boy
Gail,Girl
Gaines,Boy
Gaither,Boy
Gale,Boy
Gale,Girl
Galen,Boy
Galilea,Girl
Gannon,Boy
Gardner,Boy
Garett,Boy
Garey,Boy
Garfield,Boy
Garland,Boy
Garner,Boy
Garnet,Boy
Garnet,Girl
Garnett,Boy
Garnett,Girl
Garold,Boy
Garret,Boy
Garrett,Boy
Garrick,Boy
Garrison,Boy
Garry,Boy
Garth,Boy
Garvin,Boy
Gary,Boy
Gary,Girl
Gasper,Boy
Gaston,Boy
Gauge,Boy
Gaven,Boy
Gavin,Boy
Gavyn,Boy
Gay,Boy
Gay,Girl
Gaye,Girl
Gayla,Girl
Gayle,Boy
Gayle,Girl
Gaylen,Boy
Gaylene,Girl
Gaylon,Boy
Gaylord,Boy
Gaynell,Girl
Gearld,Boy
Gearldine,Girl
Geary,Boy
Gee,Boy
Gemma,Girl
Gena,Girl
Genaro,Boy
Gene,Boy
Gene,Girl
General,Boy
Genesis,Girl
Geneva,Girl
Genevieve,Girl
Genevra,Girl
Genie,Boy
Genie,Girl
Gennaro,Boy
Gennie,Girl
Geno,Boy
Genoveva,Girl
Geo,Boy
Geoff,Boy
Geoffrey,Boy
Georganna,Girl
George,Boy
George,Girl
Georgeann,Girl
Georgeanna,Girl
Georgene,Girl
Georgetta,Girl
Georgette,Girl
Georgia,Boy
Georgia,Girl
Georgiana,Girl
Georgiann,Girl
Georgianna,Girl
Georgie,Boy
Georgie,Girl
Georgina,Girl
Georgine,Girl
Geovanni,Boy
Gerald,Boy
Gerald,Girl
Geraldine,Girl
Geraldo,Boy
Geralyn,Girl
Gerard,Boy
Gerardo,Boy
Gerda,Girl
Gerhard,Boy
Gerhardt,Boy
Geri,Girl
Germaine,Boy
Germaine,Girl
German,Boy
Gerold,Boy
Gerri,Girl
Gerrit,Boy
Gerry,Boy
Gerry,Girl
Gertha,Girl
Gertie,Girl
Gertrude,Boy
Gertrude,Girl
Gia,Girl
Giada,Girl
Giana,Girl
Giancarlo,Boy
Gianna,Girl
Gianni,Boy
Gibson,Boy
Gideon,Boy
Gidget,Girl
Gifford,Boy
Gigi,Girl
Gil,Boy
Gilbert,Boy
Gilberto,Boy
Gilda,Girl
Giles,Boy
Gilford,Boy
Gillian,Girl
Gillie,Girl
Gilman,Boy
Gilmer,Boy
Gilmore,Boy
Gina,Girl
Ginger,Girl
Ginny,Girl
Gino,Boy
Giovani,Boy
Giovanna,Girl
Giovanni,Boy
Giovanny,Boy
Girtha,Girl
Gisele,Girl
Giselle,Girl
Gisselle,Girl
Giuliana,Girl
Giuseppe,Boy
Gladis,Girl
Gladstone,Boy
Gladyce,Girl
Gladys,Boy
Gladys,Girl
Glen,Boy
Glenda,Girl
Glendon,Boy
Glendora,Girl
Glenn,Boy
Glenn,Girl
Glenna,Girl
Glennie,Girl
Glennis,Girl
Glenwood,Boy
Glinda,Girl
Gloria,Boy
Gloria,Girl
Glover,Boy
Glynda,Girl
Glynis,Girl
Glynn,Boy
Godfrey,Boy
Goebel,Boy
Golda,Girl
Golden,Boy
Golden,Girl
Goldia,Girl
Goldie,Boy
Goldie,Girl
Gonzalo,Boy
Gorden,Boy
Gordon,Boy
Gorge,Boy
Gottlieb,Boy
Governor,Boy
Grace,Boy
Grace,Girl
Gracelyn,Girl
Gracia,Girl
Gracie,Girl
Graciela,Girl
Grady,Boy
Grafton,Boy
Graham,Boy
Grant,Boy
Granville,Boy
Graves,Boy
Gray,Boy
Grayce,Girl
Graydon,Boy
Grayling,Boy
Grayson,Boy
Grecia,Girl
Green,Boy
Greene,Boy
Greg,Boy
Gregg,Boy
Greggory,Boy
Gregoria,Girl
Gregorio,Boy
Gregory,Boy
Greta,Girl
Gretchen,Girl
Gretta,Girl
Greyson,Boy
Griffin,Boy
Griffith,Boy
Grisel,Girl
Griselda,Girl
Grove,Boy
Grover,Boy
Grover,Girl
Guadalupe,Boy
Guadalupe,Girl
Guido,Boy
Guilford,Boy
Guillermo,Boy
Gunda,Girl
Gunnar,Boy
Gunner,Boy
Gurney,Boy
Gus,Boy
Guss,Boy
Gussie,Boy
Gussie,Girl
Gust,Boy
Gusta,Girl
Gustaf,Boy
Gustav,Boy
Gustave,Boy
Gustavo,Boy
Gustavus,Boy
Gustie,Girl
Guthrie,Boy
Guy,Boy
Gwen,Girl
Gwenda,Girl
Gwendolyn,Girl
Gwyn,Girl
Gwyneth,Girl
Hadassah,Girl
Haden,Boy
Hadley,Boy
Hadley,Girl
Haiden,Boy
Hailee,Girl
Hailey,Girl
Hailie,Girl
Hakeem,Boy
Hakim,Boy
Hal,Boy
Halbert,Boy
Hale,Boy
Haleigh,Girl
Haley,Girl
Hali,Girl
Halie,Girl
Hall,Boy
Halle,Girl
Halley,Boy
Halley,Girl
Hallie,Boy
Hallie,Girl
Halsey,Boy
Ham,Boy
Hamilton,Boy
Hamp,Boy
Hampton,Boy
Hamza,Boy
Hana,Girl
Handy,Boy
Hank,Boy
Hanna,Girl
Hannah,Girl
Hans,Boy
Hansel,Boy
Hansford,Boy
Hanson,Boy
Harden,Boy
Hardie,Boy
Hardin,Boy
Harding,Boy
Hardy,Boy
Harl,Boy
Harlan,Boy
Harland,Boy
Harlen,Boy
Harlene,Girl
Harley,Boy
Harley,Girl
Harlie,Boy
Harlon,Boy
Harlow,Boy
Harm,Boy
Harman,Boy
Harmon,Boy
Harmony,Girl
Harold,Boy
Harold,Girl
Harper,Boy
Harper,Girl
Harrell,Boy
Harrie,Boy
Harriet,Girl
Harriett,Girl
Harriette,Girl
Harris,Boy
Harrison,Boy
Harrold,Boy
Harry,Boy
Harry,Girl
Hart,Boy
Hartley,Boy
Hartwell,Boy
Haruko,Girl
Harve,Boy
Harvey,Boy
Harvie,Boy
Harvy,Boy
Hasan,Boy
Hasel,Girl
Haskell,Boy
Hassan,Boy
Hassie,Girl
Hattie,Boy
Hattie,Girl
Haven,Boy
Haven,Girl
Hayden,Boy
Hayden,Girl
Hayes,Boy
Haylee,Girl
Hayleigh,Girl
Hayley,Girl
Haylie,Girl
Hays,Boy
Hayward,Boy
Haywood,Boy
Hazel,Boy
Hazel,Girl
Hazelle,Girl
Hazen,Boy
Hazle,Girl
Heath,Boy
Heather,Boy
Heather,Girl
Heaven,Girl
Heber,Boy
Hebert,Boy
Hector,Boy
Hedwig,Girl
Hedy,Girl
Heidi,Girl
Heidy,Girl
Helaine,Girl
Helen,Boy
Helen,Girl
Helena,Girl
Helene,Girl
Helga,Girl
Hellen,Girl
Helma,Girl
Helmer,Boy
Helyn,Girl
Hence,Boy
Henderson,Boy
Henery,Boy
Hennie,Girl
Henretta,Girl
Henri,Boy
Henrietta,Girl
Henriette,Girl
Henry,Boy
Henry,Girl
Herb,Boy
Herbert,Boy
Heriberto,Boy
Herlinda,Girl
Herma,Girl
Herman,Boy
Hermann,Boy
Hermina,Girl
Hermine,Girl
Herminia,Girl
Hermon,Boy
Hernan,Boy
Herschel,Boy
Hershel,Boy
Hershell,Boy
Hertha,Girl
Hervey,Boy
Hessie,Girl
Hester,Boy
Hester,Girl
Hettie,Girl
Hetty,Girl
Heyward,Boy
Hezekiah,Boy
Hezzie,Boy
Hideo,Boy
Hilah,Girl
Hilario,Boy
Hilary,Boy
Hilary,Girl
Hilbert,Boy
Hilda,Girl
Hildegard,Girl
Hildegarde,Girl
Hildred,Girl
Hildur,Girl
Hill,Boy
Hillard,Boy
Hillary,Boy
Hillary,Girl
Hillery,Boy
Hilliard,Boy
Hilma,Girl
Hilmer,Boy
Hilton,Boy
Hiram,Boy
Hiroshi,Boy
Hjalmar,Boy
Hjalmer,Boy
Hobart,Boy
Hobert,Boy
Hobson,Boy
Hoke,Boy
Holden,Boy
Holland,Boy
Holli,Girl
Hollie,Boy
Hollie,Girl
Hollis,Boy
Hollis,Girl
Holly,Boy
Holly,Girl
Holmes,Boy
Homer,Boy
Honora,Girl
Hoover,Boy
Hope,Boy
Hope,Girl
Horace,Boy
Horacio,Boy
Horatio,Boy
Hortencia,Girl
Hortense,Girl
Hortensia,Girl
Horton,Boy
Hosea,Boy
Hosie,Boy
Hosteen,Boy
Houston,Boy
Howard,Boy
Howard,Girl
Howell,Boy
Hoy,Boy
Hoyt,Boy
Hubbard,Boy
Hubert,Boy
Hudson,Boy
Huey,Boy
Hugh,Boy
Hughes,Boy
Hughey,Boy
Hughie,Boy
Hugo,Boy
Hulda,Girl
Huldah,Girl
Humberto,Boy
Humphrey,Boy
Hung,Boy
Hunt,Boy
Hunter,Boy
Hunter,Girl
Hurbert,Boy
Hurley,Boy
Huston,Boy
Huy,Boy
Hyman,Boy
Hymen,Boy
Hyrum,Boy
Ian,Boy
Ibrahim,Boy
Ica,Girl
Icey,Girl
Icie,Girl
Icy,Girl
Ida,Boy
Ida,Girl
Idabelle,Girl
Idamae,Girl
Idell,Girl
Idella,Girl
Iesha,Girl
Ieshia,Girl
Ignacio,Boy
Ignatius,Boy
Ignatz,Boy
Ike,Boy
Ila,Girl
Ilah,Girl
Ilda,Girl
Ilene,Girl
Iliana,Girl
Illa,Girl
Illya,Boy
Ilma,Girl
Ilo,Girl
Ilona,Girl
Ima,Girl
Imani,Girl
Imanol,Boy
Imelda,Girl
Immanuel,Boy
Imo,Girl
Imogene,Girl
Ina,Girl
India,Girl
Indiana,Girl
Inell,Girl
Ines,Girl
Inez,Girl
Infant,Boy
Infant,Girl
Inga,Girl
Ingeborg,Girl
Inger,Girl
Ingram,Boy
Ingrid,Girl
Iola,Girl
Iona,Girl
Ione,Girl
Ira,Boy
Ira,Girl
Ireland,Girl
Irena,Girl
Irene,Boy
Irene,Girl
Iridian,Girl
Irine,Girl
Iris,Girl
Irl,Boy
Irma,Girl
Irva,Girl
Irven,Boy
Irvin,Boy
Irvine,Boy
Irving,Boy
Irwin,Boy
Isa,Girl
Isaac,Boy
Isaak,Boy
Isabel,Girl
Isabela,Girl
Isabell,Girl
Isabella,Girl
Isabelle,Girl
Isadora,Girl
Isadore,Boy
Isai,Boy
Isaiah,Boy
Isaias,Boy
Isam,Boy
Isamar,Girl
Ishaan,Boy
Isham,Boy
Ishmael,Boy
Isiah,Boy
Isidor,Boy
Isidore,Boy
Isidro,Boy
Isis,Girl
Isla,Girl
Ismael,Boy
Isobel,Girl
Isom,Boy
Israel,Boy
Isreal,Boy
Issac,Boy
Itzel,Girl
Iva,Boy
Iva,Girl
Ivah,Girl
Ivan,Boy
Ivana,Girl
Iver,Boy
Iverson,Boy
Ivette,Girl
Ivey,Boy
Ivey,Girl
Ivie,Girl
Ivonne,Girl
Ivor,Boy
Ivory,Boy
Ivory,Girl
Ivy,Boy
Ivy,Girl
Iyana,Girl
Iyanna,Girl
Iza,Girl
Izabella,Girl
Izabelle,Girl
Izaiah,Boy
Izayah,Boy
Izetta,Girl
Izola,Girl
Izora,Girl
Jabari,Boy
Jabbar,Boy
Jabez,Boy
Jacalyn,Girl
Jace,Boy
Jacey,Girl
Jack,Boy
Jack,Girl
Jackeline,Girl
Jacki,Girl
Jackie,Boy
Jackie,Girl
Jacklyn,Girl
Jackson,Boy
Jacky,Boy
Jaclyn,Girl
Jacob,Boy
Jacoby,Boy
Jacque,Girl
Jacquelin,Girl
Jacqueline,Girl
Jacquelyn,Girl
Jacquelynn,Girl
Jacques,Boy
Jacquez,Boy
Jacquline,Girl
Jacqulyn,Girl
Jada,Girl
Jade,Boy
Jade,Girl
Jaden,Boy
Jaden,Girl
Jadiel,Boy
Jadon,Boy
Jadyn,Boy
Jadyn,Girl
Jaeda,Girl
Jaeden,Boy
Jaelyn,Girl
Jaelynn,Girl
Jagger,Boy
Jaheem,Boy
Jaheim,Boy
Jahiem,Boy
Jahir,Boy
Jaida,Girl
Jaiden,Boy
Jaiden,Girl
Jaidyn,Boy
Jaidyn,Girl
Jailene,Girl
Jailyn,Girl
Jaime,Boy
Jaime,Girl
Jaimee,Girl
Jaimie,Boy
Jaimie,Girl
Jair,Boy
Jairo,Boy
Jajuan,Boy
Jakayla,Girl
Jake,Boy
Jakob,Boy
Jakobe,Boy
Jaleel,Boy
Jaleesa,Girl
Jalen,Boy
Jalisa,Girl
Jalissa,Girl
Jaliyah,Girl
Jalon,Boy
Jalyn,Girl
Jalynn,Girl
Jamaal,Boy
Jamal,Boy
Jamar,Boy
Jamarcus,Boy
Jamari,Boy
Jamarion,Boy
Jame,Boy
Jameel,Boy
Jamel,Boy
James,Boy
James,Girl
Jameson,Boy
Jamey,Boy
Jamey,Girl
Jami,Girl
Jamie,Boy
Jamie,Girl
Jamil,Boy
Jamila,Girl
Jamin,Boy
Jamir,Boy
Jamison,Boy
Jamiya,Girl
Jammie,Boy
Jammie,Girl
Jamya,Girl
Jan,Boy
Jan,Girl
Jana,Girl
Janae,Girl
Janay,Girl
Jane,Girl
Janeen,Girl
Janel,Girl
Janell,Girl
Janelle,Girl
Janene,Girl
Janessa,Girl
Janet,Boy
Janet,Girl
Janette,Girl
Janey,Girl
Janiah,Girl
Janice,Boy
Janice,Girl
Janie,Girl
Janine,Girl
Janis,Girl
Janiya,Girl
Janiyah,Girl
Jann,Girl
Janna,Girl
Jannette,Girl
Jannie,Girl
January,Girl
Janyce,Girl
Jaquan,Boy
Jaquelin,Girl
Jaqueline,Girl
Jaquez,Boy
Jarad,Boy
Jared,Boy
Jaren,Boy
Jaret,Boy
Jarett,Boy
Jarod,Boy
Jaron,Boy
Jarrad,Boy
Jarred,Boy
Jarrell,Boy
Jarret,Boy
Jarrett,Boy
Jarrod,Boy
Jarvis,Boy
Jase,Boy
Jasen,Boy
Jasiah,Boy
Jaslene,Girl
Jaslyn,Girl
Jasmin,Girl
Jasmine,Boy
Jasmine,Girl
Jasmyn,Girl
Jasmyne,Girl
Jason,Boy
Jason,Girl
Jasper,Boy
Jaunita,Girl
Javen,Boy
Javier,Boy
Javion,Boy
Javon,Boy
Javonte,Boy
Jax,Boy
Jaxon,Boy
Jaxson,Boy
Jay,Boy
Jayce,Boy
Jaycee,Girl
Jaycie,Girl
Jayda,Girl
Jaydan,Boy
Jayde,Girl
Jayden,Boy
Jayden,Girl
Jaydin,Boy
Jaydon,Boy
Jaye,Girl
Jayla,Girl
Jaylah,Girl
Jaylan,Boy
Jaylee,Girl
Jayleen,Girl
Jaylen,Boy
Jaylen,Girl
Jaylene,Girl
Jaylin,Boy
Jaylin,Girl
Jaylon,Boy
Jaylyn,Girl
Jaylynn,Girl
Jayme,Boy
Jayme,Girl
Jaymes,Boy
Jayne,Girl
Jayson,Boy
Jayvion,Boy
Jayvon,Boy
Jazlene,Girl
Jazlyn,Girl
Jazlynn,Girl
Jazmin,Girl
Jazmine,Girl
Jazmyn,Girl
Jazmyne,Girl
Jean,Boy
Jean,Girl
Jeana,Girl
Jeane,Girl
Jeanetta,Girl
Jeanette,Girl
Jeanie,Girl
Jeanine,Girl
Jeanmarie,Girl
Jeanna,Girl
Jeanne,Girl
Jeannette,Girl
Jeannie,Girl
Jeannine,Girl
Jeb,Boy
Jed,Boy
Jedediah,Boy
Jedidiah,Boy
Jeff,Boy
Jefferey,Boy
Jefferson,Boy
Jeffery,Boy
Jeffie,Boy
Jeffie,Girl
Jeffrey,Boy
Jeffrey,Girl
Jeffry,Boy
Jelani,Boy
Jemal,Boy
Jemima,Girl
Jena,Girl
Jenelle,Girl
Jenifer,Girl
Jenilee,Girl
Jenna,Girl
Jennette,Girl
Jenni,Girl
Jennie,Boy
Jennie,Girl
Jennifer,Boy
Jennifer,Girl
Jenniffer,Girl
Jennings,Boy
Jenny,Girl
Jens,Boy
Jensen,Boy
Jensen,Girl
Jep,Boy
Jeptha,Boy
Jerad,Boy
Jerald,Boy
Jeraldine,Girl
Jeramiah,Boy
Jeramie,Boy
Jeramy,Boy
Jere,Boy
Jered,Boy
Jerel,Boy
Jereme,Boy
Jeremey,Boy
Jeremiah,Boy
Jeremie,Boy
Jeremy,Boy
Jeremy,Girl
Jeri,Girl
Jerica,Girl
Jerilyn,Girl
Jerilynn,Girl
Jerimiah,Boy
Jerimy,Boy
Jermain,Boy
Jermaine,Boy
Jermey,Boy
Jerod,Boy
Jerold,Boy
Jerome,Boy
Jeromy,Boy
Jerrad,Boy
Jerrel,Boy
Jerrell,Boy
Jerri,Girl
Jerrica,Girl
Jerrie,Girl
Jerrilyn,Girl
Jerrod,Boy
Jerrold,Boy
Jerry,Boy
Jerry,Girl
Jerusha,Girl
Jeryl,Girl
Jesenia,Girl
Jesica,Girl
Jess,Boy
Jesse,Boy
Jesse,Girl
Jessee,Boy
Jessenia,Girl
Jessi,Girl
Jessica,Boy
Jessica,Girl
Jessie,Boy
Jessie,Girl
Jessika,Girl
Jessy,Boy
Jessye,Girl
Jesus,Boy
Jethro,Boy
Jett,Boy
Jetta,Girl
Jettie,Boy
Jettie,Girl
Jevon,Boy
Jewel,Boy
Jewel,Girl
Jewell,Boy
Jewell,Girl
Jiles,Boy
Jill,Girl
Jillian,Girl
Jim,Boy
Jimena,Girl
Jimmie,Boy
Jimmie,Girl
Jimmy,Boy
Jimmy,Girl
Jinnie,Girl
Jo,Girl
Joan,Boy
Joan,Girl
Joana,Girl
Joanie,Girl
Joann,Girl
Joanna,Girl
Joanne,Girl
Joaquin,Boy
Job,Boy
Jobe,Boy
Jocelyn,Girl
Jocelyne,Girl
Jocelynn,Girl
Jodi,Girl
Jodie,Boy
Jodie,Girl
Jody,Boy
Jody,Girl
Joe,Boy
Joe,Girl
Joel,Boy
Joell,Girl
Joella,Girl
Joelle,Girl
Joellen,Girl
Joeseph,Boy
Joesph,Boy
Joetta,Girl
Joette,Girl
Joey,Boy
Joey,Girl
Johan,Boy
Johana,Girl
Johanna,Girl
Johannah,Girl
Johathan,Boy
John,Boy
John,Girl
Johnathan,Boy
Johnathon,Boy
Johney,Boy
Johnie,Boy
Johnie,Girl
Johnna,Girl
Johnnie,Boy
Johnnie,Girl
Johnny,Boy
Johnny,Girl
Johnpaul,Boy
Johnson,Boy
Johny,Boy
Joi,Girl
Joleen,Girl
Jolene,Girl
Jolette,Girl
Jolie,Girl
Joline,Girl
Jon,Boy
Jonah,Boy
Jonas,Boy
Jonatan,Boy
Jonathan,Boy
Jonathan,Girl
Jonathon,Boy
Jonell,Girl
Jones,Boy
Joni,Girl
Jonna,Girl
Jonnie,Boy
Jonnie,Girl
Jordan,Boy
Jordan,Girl
Jorden,Boy
Jordi,Boy
Jordin,Girl
Jordon,Boy
Jordy,Boy
Jordyn,Boy
Jordyn,Girl
Joretta,Girl
Jorge,Boy
Jorja,Girl
Jory,Boy
Jose,Boy
Josef,Boy
Josefa,Girl
Josefina,Girl
Josefita,Girl
Joselin,Girl
Joseline,Girl
Joseluis,Boy
Joselyn,Girl
Joseph,Boy
Joseph,Girl
Josephine,Boy
Josephine,Girl
Josephus,Boy
Josette,Girl
Josh,Boy
Joshua,Boy
Joshua,Girl
Joshuah,Boy
Josiah,Boy
Josie,Girl
Josiephine,Girl
Joslyn,Girl
Jossie,Girl
Josue,Boy
Journey,Girl
Jovan,Boy
Jovani,Boy
Jovanni,Boy
Jovanny,Boy
Jovany,Boy
Jovita,Girl
Joy,Boy
Joy,Girl
Joyce,Boy
Joyce,Girl
Joycelyn,Girl
Joye,Girl
Juan,Boy
Juana,Girl
Juanita,Girl
Judah,Boy
Judd,Boy
Jude,Boy
Judge,Boy
Judi,Girl
Judie,Girl
Judith,Boy
Judith,Girl
Judson,Boy
Judy,Boy
Judy,Girl
Judyth,Girl
Jule,Boy
Jule,Girl
Jules,Boy
Juli,Girl
Julia,Boy
Julia,Girl
Julian,Boy
Juliana,Girl
Juliann,Girl
Julianna,Girl
Julianne,Girl
Julie,Girl
Julien,Boy
Juliet,Girl
Juliette,Girl
Julio,Boy
Julious,Boy
Julisa,Girl
Julissa,Girl
Julius,Boy
Juluis,Boy
June,Boy
June,Girl
Junia,Girl
Junie,Girl
Junior,Boy
Junious,Boy
Junius,Boy
Justen,Boy
Justice,Boy
Justice,Girl
Justin,Boy
Justin,Girl
Justina,Girl
Justine,Boy
Justine,Girl
Juston,Boy
Justus,Boy
Justyn,Boy
Juwan,Boy
Kaaren,Girl
Kacey,Girl
Kaci,Girl
Kacie,Girl
Kacy,Girl
Kade,Boy
Kadeem,Boy
Kaden,Boy
Kadence,Girl
Kadijah,Girl
Kadin,Boy
Kadyn,Boy
Kaeden,Boy
Kael,Boy
Kaela,Girl
Kaelyn,Girl
Kahlil,Boy
Kai,Boy
Kaia,Girl
Kaiden,Boy
Kaila,Girl
Kailee,Girl
Kailey,Girl
Kailyn,Girl
Kaitlin,Girl
Kaitlyn,Girl
Kaitlynn,Girl
Kaiya,Girl
Kala,Girl
Kale,Boy
Kaleb,Boy
Kaleena,Girl
Kaleigh,Girl
Kalen,Boy
Kalene,Girl
Kaley,Girl
Kali,Girl
Kalie,Girl
Kaliyah,Girl
Kallie,Girl
Kalvin,Boy
Kalyn,Girl
Kamari,Boy
Kamari,Girl
Kamden,Boy
Kameron,Boy
Kameron,Girl
Kami,Girl
Kamila,Girl
Kamilah,Girl
Kamora,Girl
Kamren,Boy
Kamron,Boy
Kamryn,Boy
Kamryn,Girl
Kandace,Girl
Kandi,Girl
Kandice,Girl
Kandy,Girl
Kane,Boy
Kanesha,Girl
Kanisha,Girl
Kanye,Boy
Kara,Girl
Karan,Girl
Kareem,Boy
Kareen,Boy
Karel,Girl
Karen,Boy
Karen,Girl
Kari,Girl
Karie,Girl
Karim,Boy
Karin,Girl
Karina,Girl
Karis,Girl
Karissa,Girl
Karl,Boy
Karla,Girl
Karlee,Girl
Karlene,Girl
Karley,Girl
Karli,Girl
Karlie,Girl
Karly,Girl
Karma,Girl
Karol,Girl
Karolyn,Girl
Karon,Girl
Karren,Girl
Karri,Girl
Karrie,Girl
Karson,Boy
Karsyn,Girl
Karter,Boy
Karyl,Girl
Karyme,Girl
Karyn,Girl
Kasandra,Girl
Kasen,Boy
Kasey,Boy
Kasey,Girl
Kash,Boy
Kasie,Girl
Kason,Boy
Kassandra,Girl
Kassidy,Girl
Kassie,Girl
Katarina,Girl
Kate,Girl
Katelin,Girl
Katelyn,Girl
Katelynn,Girl
Katerina,Girl
Kathaleen,Girl
Katharina,Girl
Katharine,Girl
Katharyn,Girl
Katherin,Girl
Katherine,Boy
Katherine,Girl
Kathern,Girl
Katheryn,Girl
Kathey,Girl
Kathi,Girl
Kathie,Girl
Kathleen,Boy
Kathleen,Girl
Kathlene,Girl
Kathlyn,Girl
Kathrine,Girl
Kathryn,Boy
Kathryn,Girl
Kathryne,Girl
Kathy,Girl
Kathyrn,Girl
Kati,Girl
Katia,Girl
Katie,Girl
Katina,Girl
Katlin,Girl
Katlyn,Girl
Katlynn,Girl
Katrina,Girl
Kattie,Girl
Katy,Girl
Kavon,Boy
Kay,Boy
Kay,Girl
Kaya,Girl
Kaycee,Girl
Kayden,Boy
Kayden,Girl
Kaydence,Girl
Kaye,Boy
Kaye,Girl
Kayla,Girl
Kaylah,Girl
Kaylan,Girl
Kaylee,Girl
Kayleigh,Girl
Kaylen,Girl
Kaylene,Girl
Kayley,Girl
Kayli,Girl
Kaylie,Girl
Kaylin,Girl
Kaylyn,Girl
Kaylynn,Girl
Kazuko,Girl
Kazuo,Boy
Keagan,Boy
Keandre,Boy
Keanna,Girl
Keanu,Boy
Keara,Girl
Keaton,Boy
Kecia,Girl
Keegan,Boy
Keeley,Girl
Keely,Girl
Keena,Girl
Keenan,Boy
Keenen,Boy
Keesha,Girl
Kegan,Boy
Keifer,Boy
Keila,Girl
Keion,Boy
Keira,Girl
Keisha,Girl
Keith,Boy
Kelan,Boy
Kelby,Boy
Kelcie,Girl
Keli,Girl
Kelis,Girl
Kellan,Boy
Kellee,Girl
Kellen,Boy
Kelley,Boy
Kelley,Girl
Kelli,Girl
Kellie,Girl
Kelly,Boy
Kelly,Girl
Kelsea,Girl
Kelsey,Boy
Kelsey,Girl
Kelsi,Girl
Kelsie,Girl
Kelton,Boy
Kelvin,Boy
Kem,Boy
Ken,Boy
Kenan,Boy
Kendal,Boy
Kendal,Girl
Kendall,Boy
Kendall,Girl
Kendell,Boy
Kendra,Girl
Kendrick,Boy
Kenia,Girl
Kenisha,Girl
Kenji,Boy
Kenley,Girl
Kenna,Girl
Kennard,Boy
Kennedi,Girl
Kennedy,Boy
Kennedy,Girl
Kenneth,Boy
Kenneth,Girl
Kenney,Boy
Kennith,Boy
Kennth,Boy
Kenny,Boy
Kent,Boy
Kenton,Boy
Kenya,Boy
Kenya,Girl
Kenyatta,Boy
Kenyatta,Girl
Kenyon,Boy
Kenzie,Girl
Keon,Boy
Keri,Girl
Kermit,Boy
Kerri,Girl
Kerrie,Girl
Kerry,Boy
Kerry,Girl
Kerwin,Boy
Kesha,Girl
Keshaun,Boy
Keshawn,Boy
Keshia,Girl
Kevan,Boy
Keven,Boy
Kevin,Boy
Kevin,Girl
Kevon,Boy
Keyla,Girl
Keyon,Boy
Keyshawn,Boy
Khadijah,Girl
Khalid,Boy
Khalil,Boy
Khalilah,Girl
Khari,Boy
Khiry,Boy
Khloe,Girl
Kia,Girl
Kian,Boy
Kiana,Girl
Kianna,Girl
Kiara,Boy
Kiara,Girl
Kiarra,Girl
Kiefer,Boy
Kiel,Boy
Kiera,Girl
Kieran,Boy
Kierra,Girl
Kiersten,Girl
Kieth,Boy
Kiley,Boy
Kiley,Girl
Killian,Boy
Kim,Boy
Kim,Girl
Kimball,Boy
Kimber,Girl
Kimberely,Girl
Kimberlee,Girl
Kimberley,Girl
Kimberli,Girl
Kimberlie,Girl
Kimberly,Boy
Kimberly,Girl
Kimora,Girl
Kindra,Girl
King,Boy
Kingston,Boy
Kinley,Girl
Kinsey,Girl
Kinsley,Girl
Kinte,Boy
Kip,Boy
Kipp,Boy
Kira,Girl
Kirby,Boy
Kirby,Girl
Kirk,Boy
Kirsten,Girl
Kirstie,Girl
Kirstin,Girl
Kirt,Boy
Kisha,Girl
Kit,Boy
Kittie,Girl
Kitty,Girl
Kiya,Girl
Kiyoko,Girl
Kiyoshi,Boy
Kizzie,Girl
Kizzy,Girl
Knox,Boy
Knute,Boy
Kobe,Boy
Koby,Boy
Koda,Boy
Kody,Boy
Koen,Boy
Kolby,Boy
Kole,Boy
Kolten,Boy
Kolton,Boy
Konner,Boy
Konnor,Boy
Korbin,Boy
Kordell,Boy
Korey,Boy
Kori,Girl
Kortney,Girl
Kory,Boy
Kourtney,Girl
Kraig,Boy
Kris,Boy
Kris,Girl
Krish,Boy
Krissy,Girl
Krista,Girl
Kristal,Girl
Kristan,Girl
Kristen,Boy
Kristen,Girl
Kristi,Girl
Kristian,Boy
Kristian,Girl
Kristie,Girl
Kristin,Boy
Kristin,Girl
Kristina,Girl
Kristine,Girl
Kristofer,Boy
Kristoffer,Boy
Kristopher,Boy
Kristy,Girl
Kristyn,Girl
Krysta,Girl
Krystal,Girl
Krysten,Girl
Krystin,Girl
Krystina,Girl
Krystle,Girl
Kunta,Boy
Kurt,Boy
Kurtis,Boy
Kwame,Boy
Kya,Girl
Kyan,Boy
Kyara,Girl
Kyla,Girl
Kylah,Girl
Kylan,Boy
Kyle,Boy
Kyle,Girl
Kylee,Girl
Kyleigh,Girl
Kylene,Girl
Kyler,Boy
Kylie,Girl
Kymani,Boy
Kyra,Girl
Kyree,Boy
Kyrie,Girl
Kyson,Boy
Lacey,Boy
Lacey,Girl
Laci,Girl
Lacie,Girl
Lacy,Boy
Lacy,Girl
Ladarius,Boy
Laddie,Boy
Ladonna,Girl
Lady,Girl
Lafayette,Boy
Lafe,Boy
Lahoma,Girl
Laila,Girl
Lailah,Girl
Lainey,Girl
Laisha,Girl
Lakeisha,Girl
Laken,Girl
Lakendra,Girl
Lakesha,Girl
Lakeshia,Girl
Lakisha,Girl
Lala,Girl
Lalla,Girl
Lamar,Boy
Lamarcus,Boy
Lambert,Boy
Lamont,Boy
Lamonte,Boy
Lana,Girl
Lance,Boy
Landan,Boy
Landen,Boy
Landin,Boy
Landon,Boy
Landyn,Boy
Lane,Boy
Lanette,Girl
Laney,Girl
Lani,Girl
Lanie,Girl
Lanita,Girl
Lannie,Boy
Lannie,Girl
Lanny,Boy
Laquan,Boy
Laquita,Girl
Lara,Girl
Larae,Girl
Laraine,Girl
Larissa,Girl
Lark,Boy
Larkin,Boy
Laron,Boy
Larry,Boy
Larry,Girl
Lars,Boy
Larue,Boy
Larue,Girl
Lary,Boy
Lashanda,Girl
Lashawn,Boy
Lashawn,Girl
Lashonda,Girl
Lashunda,Girl
Lasonya,Girl
Lassie,Girl
Latanya,Girl
Latarsha,Girl
Latasha,Girl
Latesha,Girl
Latifah,Girl
Latisha,Girl
Latonia,Girl
Latonya,Girl
Latoria,Girl
Latosha,Girl
Latoya,Girl
Latoyia,Girl
Latrell,Boy
Latrice,Girl
Latricia,Girl
Latrina,Girl
Launa,Girl
Laura,Boy
Laura,Girl
Laurance,Boy
Laureen,Girl
Laurel,Boy
Laurel,Girl
Lauren,Boy
Lauren,Girl
Laurence,Boy
Laurene,Girl
Lauretta,Girl
Laurette,Girl
Lauri,Girl
Laurie,Boy
Laurie,Girl
Laurine,Girl
Lauryn,Girl
Lavada,Girl
Lavar,Boy
Lavelle,Girl
Lavenia,Girl
Lavera,Girl
Lavern,Boy
Lavern,Girl
Laverna,Girl
Laverne,Boy
Laverne,Girl
Lavina,Girl
Lavinia,Girl
Lavon,Boy
Lavon,Girl
Lavona,Girl
Lavonda,Girl
Lavonia,Girl
Lavonne,Girl
Lawanda,Girl
Lawerence,Boy
Lawrance,Boy
Lawrence,Boy
Lawson,Boy
Lawton,Boy
Lawyer,Boy
Layla,Girl
Laylah,Girl
Layne,Boy
Layton,Boy
Lazaro,Boy
Le,Boy
Lea,Boy
Lea,Girl
Leafy,Girl
Leah,Girl
Leala,Girl
Leamon,Boy
Leana,Girl
Leander,Boy
Leandra,Girl
Leandro,Boy
Leaner,Girl
Leann,Girl
Leanna,Girl
Leanne,Girl
Leatha,Girl
Leatrice,Girl
Leda,Girl
Lee,Boy
Lee,Girl
Leeann,Girl
Leeroy,Boy
Leesa,Girl
Leia,Girl
Leif,Boy
Leigh,Boy
Leigh,Girl
Leighton,Boy
Leila,Girl
Leilani,Girl
Leisa,Girl
Leisha,Girl
Leitha,Girl
Lela,Girl
Lelah,Girl
Leland,Boy
Leland,Girl
Lelar,Girl
Lelia,Girl
Lella,Girl
Lem,Boy
Lemma,Girl
Lemmie,Boy
Lemon,Boy
Lempi,Girl
Lemuel,Boy
Len,Boy
Lena,Boy
Lena,Girl
Lenard,Boy
Lenna,Girl
Lennie,Boy
Lennie,Girl
Lennon,Boy
Lenny,Boy
Lenon,Boy
Lenora,Girl
Lenord,Boy
Lenore,Girl
Lenwood,Boy
Leo,Boy
Leo,Girl
Leola,Girl
Leoma,Girl
Leon,Boy
Leona,Boy
Leona,Girl
Leonard,Boy
Leonardo,Boy
Leonce,Boy
Leone,Girl
Leonel,Boy
Leonia,Girl
Leonidas,Boy
Leonie,Girl
Leonor,Girl
Leonora,Girl
Leonore,Girl
Leontine,Girl
Leopold,Boy
Leopoldo,Boy
Leora,Girl
Leota,Girl
Lera,Girl
Leroy,Boy
Les,Boy
Lesa,Girl
Lesia,Girl
Leslee,Girl
Lesley,Boy
Lesley,Girl
Lesli,Girl
Leslie,Boy
Leslie,Girl
Lesly,Girl
Less,Boy
Lessie,Boy
Lessie,Girl
Lesta,Girl
Lester,Boy
Lester,Girl
Leta,Girl
Letha,Girl
Lethia,Girl
Leticia,Girl
Letitia,Girl
Letta,Girl
Lettie,Girl
Letty,Girl
Leva,Girl
Levar,Boy
Levern,Boy
Levi,Boy
Levie,Boy
Levin,Boy
Levina,Girl
Levon,Boy
Levy,Boy
Lew,Boy
Lewis,Boy
Lex,Boy
Lexi,Girl
Lexie,Boy
Lexie,Girl
Lexis,Girl
Lexus,Girl
Leyla,Girl
Lia,Girl
Liam,Boy
Liana,Girl
Liane,Girl
Libbie,Girl
Libby,Girl
Liberty,Girl
Lida,Girl
Liddie,Girl
Lidia,Girl
Lidie,Girl
Lige,Boy
Lila,Girl
Lilah,Girl
Lilburn,Boy
Lilia,Girl
Lilian,Girl
Liliana,Girl
Lilianna,Girl
Lilie,Girl
Lilla,Girl
Lillard,Boy
Liller,Girl
Lillia,Girl
Lillian,Boy
Lillian,Girl
Lilliana,Girl
Lillianna,Girl
Lillie,Boy
Lillie,Girl
Lillis,Girl
Lilly,Girl
Lily,Girl
Lilyan,Girl
Lilyana,Girl
Lim,Boy
Lina,Girl
Lincoln,Boy
Linda,Boy
Linda,Girl
Lindbergh,Boy
Lindell,Boy
Linden,Boy
Lindsay,Boy
Lindsay,Girl
Lindsey,Boy
Lindsey,Girl
Lindy,Boy
Lindy,Girl
Linette,Girl
Link,Boy
Linn,Boy
Linna,Girl
Linnea,Girl
Linnie,Boy
Linnie,Girl
Linsey,Girl
Linton,Boy
Linus,Boy
Linwood,Boy
Linzy,Boy
Lionel,Boy
Lisa,Boy
Lisa,Girl
Lisandro,Boy
Lisbeth,Girl
Lise,Girl
Lisette,Girl
Lish,Boy
Lisha,Girl
Lisle,Boy
Lissa,Girl
Lissette,Girl
Lissie,Girl
Liston,Boy
Lita,Girl
Litha,Girl
Littie,Girl
Little,Boy
Littleton,Boy
Litzy,Girl
Livia,Girl
Liz,Girl
Liza,Girl
Lizabeth,Girl
Lizbeth,Girl
Lizeth,Girl
Lizette,Girl
Lizzie,Boy
Lizzie,Girl
Llewellyn,Boy
Lloyd,Boy
Lockie,Girl
Loda,Girl
Logan,Boy
Logan,Girl
Lois,Boy
Lois,Girl
Lola,Boy
Lola,Girl
Lolita,Girl
Lolla,Girl
Lollie,Girl
Loma,Girl
Lon,Boy
Lona,Girl
London,Boy
London,Girl
Londyn,Girl
Lone,Boy
Loney,Boy
Long,Boy
Loni,Girl
Lonie,Boy
Lonie,Girl
Lonna,Girl
Lonnie,Boy
Lonnie,Girl
Lonny,Boy
Lonzo,Boy
Lora,Boy
Lora,Girl
Loraine,Girl
Loran,Boy
Lorayne,Girl
Lorean,Girl
Loree,Girl
Loreen,Girl
Lorelai,Girl
Lorelei,Girl
Loren,Boy
Loren,Girl
Lorena,Girl
Lorene,Girl
Lorenz,Boy
Lorenza,Boy
Lorenza,Girl
Lorenzo,Boy
Loretta,Girl
Loretto,Girl
Lori,Girl
Loria,Girl
Loriann,Girl
Lorie,Girl
Lorin,Boy
Lorinda,Girl
Lorine,Girl
Loring,Boy
Loris,Girl
Lorna,Girl
Lorne,Boy
Lorraine,Girl
Lorrayne,Girl
Lorri,Girl
Lorrie,Girl
Lossie,Girl
Lota,Girl
Lott,Boy
Lotta,Girl
Lottie,Girl
Lou,Boy
Lou,Girl
Louann,Girl
Louanna,Girl
Louella,Girl
Louetta,Girl
Louie,Boy
Louie,Girl
Louis,Boy
Louis,Girl
Louisa,Girl
Louise,Boy
Louise,Girl
Louisiana,Girl
Loula,Girl
Lourdes,Girl
Louvenia,Girl
Love,Boy
Love,Girl
Lovell,Boy
Lovett,Boy
Lovey,Girl
Lovie,Boy
Lovie,Girl
Lovina,Girl
Lovisa,Girl
Lowell,Boy
Loy,Boy
Loyal,Boy
Loyce,Girl
Loyd,Boy
Lu,Girl
Luana,Girl
Luann,Girl
Luanne,Girl
Luberta,Girl
Luc,Boy
Luca,Boy
Lucas,Boy
Lucero,Girl
Lucetta,Girl
Lucia,Girl
Lucian,Boy
Luciana,Girl
Luciano,Boy
Lucie,Girl
Lucien,Boy
Lucile,Girl
Lucille,Boy
Lucille,Girl
Lucina,Girl
Lucinda,Girl
Lucindy,Girl
Lucio,Boy
Lucious,Boy
Lucius,Boy
Lucky,Boy
Lucretia,Girl
Lucy,Boy
Lucy,Girl
Luda,Girl
Ludie,Girl
Ludwig,Boy
Lue,Boy
Lue,Girl
Luella,Girl
Luetta,Girl
Lugenia,Girl
Luigi,Boy
Luis,Boy
Luisa,Girl
Luka,Boy
Lukas,Boy
Luke,Boy
Lula,Boy
Lula,Girl
Lulah,Girl
Lular,Girl
Lulie,Girl
Lulla,Girl
Lulu,Girl
Lum,Boy
Luna,Girl
Lupe,Boy
Lupe,Girl
Lura,Girl
Lurana,Girl
Lurena,Girl
Lurline,Girl
Luster,Boy
Lute,Boy
Luther,Boy
Lutie,Girl
Luvenia,Girl
Luverne,Boy
Luverne,Girl
Luvinia,Girl
Luz,Girl
Lyda,Girl
Lydell,Boy
Lydia,Girl
Lyla,Girl
Lyle,Boy
Lyman,Boy
Lyn,Boy
Lyn,Girl
Lynda,Girl
Lyndia,Girl
Lyndon,Boy
Lyndsay,Girl
Lyndsey,Girl
Lynette,Girl
Lynn,Boy
Lynn,Girl
Lynne,Girl
Lynnette,Girl
Lynsey,Girl
Lynwood,Boy
Lyric,Boy
Lyric,Girl
Mabel,Boy
Mabel,Girl
Mabell,Girl
Mabelle,Girl
Mable,Girl
Mac,Boy
Macarthur,Boy
Mace,Boy
Macel,Girl
Maceo,Boy
Macey,Girl
Machelle,Girl
Maci,Girl
Macie,Girl
Mack,Boy
Mackenzie,Boy
Mackenzie,Girl
Macy,Girl
Madaline,Girl
Madalyn,Girl
Madalynn,Girl
Madden,Boy
Maddison,Girl
Maddox,Boy
Madeleine,Girl
Madelene,Girl
Madeline,Girl
Madelyn,Girl
Madelynn,Girl
Madge,Girl
Madie,Girl
Madilyn,Girl
Madilynn,Girl
Madisen,Girl
Madison,Boy
Madison,Girl
Madisyn,Girl
Madlyn,Girl
Madonna,Girl
Madora,Girl
Madyson,Girl
Mae,Boy
Mae,Girl
Maebell,Girl
Maebelle,Girl
Maegan,Girl
Maeve,Girl
Mafalda,Girl
Magan,Girl
Magdalen,Girl
Magdalena,Girl
Magdalene,Girl
Magen,Girl
Maggie,Boy
Maggie,Girl
Magnolia,Girl
Mahala,Girl
Mahalia,Girl
Mahalie,Girl
Mahlon,Boy
Mai,Girl
Maia,Girl
Maida,Girl
Maira,Girl
Maiya,Girl
Major,Boy
Makai,Boy
Makaila,Girl
Makala,Girl
Makayla,Girl
Makena,Girl
Makenna,Girl
Makenzie,Girl
Makhi,Boy
Mal,Boy
Malachi,Boy
Malakai,Boy
Malaki,Boy
Malaya,Girl
Malcolm,Boy
Malcom,Boy
Male,Boy
Maleah,Girl
Malia,Girl
Malik,Boy
Malinda,Girl
Malissa,Girl
Malissie,Girl
Maliyah,Girl
Mallie,Girl
Mallorie,Girl
Mallory,Girl
Malorie,Girl
Malvin,Boy
Malvina,Girl
Mame,Girl
Mamie,Boy
Mamie,Girl
Mammie,Girl
Manda,Girl
Mandi,Girl
Mandie,Girl
Mandy,Girl
Manerva,Girl
Manervia,Girl
Manford,Boy
Manie,Girl
Manila,Girl
Manilla,Girl
Manley,Boy
Manly,Boy
Mannie,Boy
Mannie,Girl
Manning,Boy
Mansfield,Boy
Manson,Boy
Manuel,Boy
Manuela,Girl
Manuelita,Girl
Mara,Girl
Maralyn,Girl
Maranda,Girl
Marc,Boy
Marcel,Boy
Marcela,Girl
Marcelina,Girl
Marceline,Girl
Marcelino,Boy
Marcella,Girl
Marcelle,Girl
Marcello,Boy
Marcellus,Boy
Marcelo,Boy
Marchello,Boy
Marci,Girl
Marcia,Girl
Marcie,Girl
Marco,Boy
Marcos,Boy
Marcus,Boy
Marcy,Girl
Mardell,Girl
Mareli,Girl
Marely,Girl
Maren,Girl
Margaret,Boy
Margaret,Girl
Margarete,Girl
Margaretha,Girl
Margarett,Girl
Margaretta,Girl
Margarette,Girl
Margarita,Girl
Margarite,Girl
Margarito,Boy
Marge,Girl
Margene,Girl
Margeret,Girl
Margery,Girl
Marget,Girl
Margie,Girl
Margo,Girl
Margot,Girl
Margret,Girl
Margrett,Girl
Margretta,Girl
Marguerite,Girl
Margueritta,Girl
Margurite,Girl
Margy,Girl
Mari,Girl
Maria,Boy
Maria,Girl
Mariah,Girl
Mariam,Girl
Marian,Boy
Marian,Girl
Mariana,Girl
Marianita,Girl
Mariann,Girl
Marianna,Girl
Marianne,Girl
Mariano,Boy
Maribel,Girl
Maribeth,Girl
Maricela,Girl
Marie,Boy
Marie,Girl
Mariel,Girl
Mariela,Girl
Marietta,Girl
Marilee,Girl
Marilla,Girl
Marilou,Girl
Marilyn,Boy
Marilyn,Girl
Marilynn,Girl
Marin,Girl
Marina,Girl
Marinda,Girl
Mario,Boy
Marion,Boy
Marion,Girl
Marisa,Girl
Marisela,Girl
Marisol,Girl
Marissa,Girl
Marita,Girl
Maritza,Girl
Marius,Boy
Mariyah,Girl
Marjorie,Girl
Marjory,Girl
Mark,Boy
Mark,Girl
Markel,Boy
Markell,Boy
Markita,Girl
Markus,Boy
Marla,Girl
Marlana,Girl
Marland,Boy
Marlee,Girl
Marleen,Girl
Marlen,Girl
Marlena,Girl
Marlene,Girl
Marley,Boy
Marley,Girl
Marlie,Girl
Marlin,Boy
Marlo,Boy
Marlo,Girl
Marlon,Boy
Marlyn,Boy
Marlyn,Girl
Marlys,Girl
Marni,Girl
Marnie,Girl
Marnita,Girl
Marolyn,Girl
Marques,Boy
Marquez,Boy
Marquis,Boy
Marquise,Boy
Marquita,Girl
Marrion,Boy
Marry,Girl
Marsh,Boy
Marsha,Girl
Marshal,Boy
Marshall,Boy
Mart,Boy
Marta,Girl
Martell,Boy
Martez,Boy
Martha,Boy
Martha,Girl
Marti,Girl
Martika,Girl
Martin,Boy
Martina,Girl
Martine,Girl
Marty,Boy
Marty,Girl
Marva,Girl
Marvel,Girl
Marvin,Boy
Mary,Boy
Mary,Girl
Maryam,Girl
Maryann,Girl
Maryanne,Girl
Marybelle,Girl
Marybeth,Girl
Maryellen,Girl
Maryjane,Girl
Maryjo,Girl
Marylee,Girl
Marylin,Girl
Marylou,Girl
Marylouise,Girl
Marylyn,Girl
Masako,Girl
Masao,Boy
Mason,Boy
Mat,Boy
Mateo,Boy
Math,Boy
Mathew,Boy
Mathews,Boy
Mathias,Boy
Mathilda,Girl
Mathilde,Girl
Matias,Boy
Matie,Girl
Matilda,Girl
Matilde,Girl
Matt,Boy
Matteo,Boy
Matthew,Boy
Matthew,Girl
Matthias,Boy
Mattie,Boy
Mattie,Girl
Mattye,Girl
Maud,Boy
Maud,Girl
Maude,Boy
Maude,Girl
Maudie,Girl
Maura,Girl
Maureen,Girl
Maurice,Boy
Maurice,Girl
Mauricio,Boy
Maurine,Girl
Mauro,Boy
Maury,Boy
Maverick,Boy
Mavis,Girl
Max,Boy
Maxie,Boy
Maxie,Girl
Maxim,Boy
Maximilian,Boy
Maximillian,Boy
Maximo,Boy
Maximus,Boy
Maxine,Girl
Maxwell,Boy
May,Boy
May,Girl
Maya,Girl
Maybell,Girl
Maybelle,Girl
Maye,Girl
Mayme,Girl
Maymie,Girl
Maynard,Boy
Mayo,Boy
Mayra,Girl
Mazie,Girl
Mcarthur,Boy
Mckayla,Girl
Mckenna,Girl
Mckenzie,Girl
Mckinley,Boy
Mckinley,Girl
Meadow,Girl
Meagan,Girl
Meaghan,Girl
Mearl,Boy
Mechelle,Girl
Meda,Girl
Media,Girl
Medora,Girl
Meg,Girl
Megan,Girl
Meggan,Girl
Meghan,Girl
Meghann,Girl
Mekhi,Boy
Mel,Boy
Melanie,Girl
Melany,Girl
Melba,Girl
Melbourne,Boy
Melina,Girl
Melinda,Girl
Melisa,Girl
Melissa,Boy
Melissa,Girl
Melissia,Girl
Mell,Boy
Mell,Girl
Mellie,Girl
Mellisa,Girl
Mellissa,Girl
Melodee,Girl
Melodie,Girl
Melody,Girl
Melonie,Girl
Melony,Girl
Melton,Boy
Melva,Girl
Melville,Boy
Melvin,Boy
Melvin,Girl
Melvina,Girl
Melvyn,Boy
Memphis,Boy
Mena,Girl
Menachem,Boy
Mendy,Girl
Mercedes,Girl
Mercer,Boy
Mercy,Girl
Meredith,Boy
Meredith,Girl
Merilyn,Girl
Merl,Boy
Merle,Boy
Merle,Girl
Merlene,Girl
Merlin,Boy
Merlyn,Boy
Merna,Girl
Merri,Girl
Merrie,Girl
Merrilee,Girl
Merrill,Boy
Merrily,Girl
Merritt,Boy
Merry,Girl
Mertie,Girl
Merton,Boy
Mervin,Boy
Mervyn,Boy
Merwin,Boy
Meryl,Girl
Messiah,Boy
Meta,Girl
Metha,Girl
Metro,Boy
Metta,Girl
Mettie,Girl
Meyer,Boy
Mia,Girl
Miah,Girl
Micaela,Girl
Micah,Boy
Micah,Girl
Micayla,Girl
Michael,Boy
Michael,Girl
Michaela,Girl
Michaele,Girl
Michal,Boy
Michal,Girl
Michale,Boy
Micheal,Boy
Michel,Boy
Michele,Boy
Michele,Girl
Michelina,Girl
Michell,Girl
Michelle,Boy
Michelle,Girl
Michial,Boy
Mickey,Boy
Mickey,Girl
Mickie,Girl
Micky,Boy
Miesha,Girl
Migdalia,Girl
Mignon,Girl
Miguel,Boy
Miguelangel,Boy
Mikaela,Girl
Mikaila,Girl
Mikal,Boy
Mikala,Girl
Mikalah,Girl
Mikayla,Girl
Mike,Boy
Mikeal,Boy
Mikel,Boy
Mikhail,Boy
Mila,Girl
Milagros,Girl
Milan,Boy
Milas,Boy
Milburn,Boy
Milda,Girl
Mildred,Boy
Mildred,Girl
Miles,Boy
Miley,Girl
Milford,Boy
Milissa,Girl
Millard,Boy
Miller,Boy
Millicent,Girl
Millie,Girl
Mills,Boy
Milly,Girl
Milo,Boy
Milton,Boy
Mima,Girl
Mimi,Girl
Mina,Girl
Minda,Girl
Mindi,Girl
Mindy,Girl
Miner,Boy
Minerva,Girl
Minervia,Girl
Minna,Girl
Minnie,Boy
Minnie,Girl
Minor,Boy
Minoru,Boy
Minta,Girl
Mintie,Girl
Mira,Girl
Miracle,Girl
Miranda,Girl
Mireya,Girl
Miriah,Girl
Miriam,Girl
Mirtie,Girl
Misael,Boy
Missie,Girl
Missouri,Girl
Missy,Girl
Misti,Girl
Mistie,Girl
Misty,Girl
Mitch,Boy
Mitchel,Boy
Mitchell,Boy
Mittie,Girl
Mitzi,Girl
Miya,Girl
Modena,Girl
Moe,Boy
Moesha,Girl
Mohamed,Boy
Mohammad,Boy
Mohammed,Boy
Moira,Girl
Moises,Boy
Mollie,Girl
Molly,Girl
Mona,Girl
Monica,Girl
Monika,Girl
Monique,Girl
Monna,Girl
Monnie,Girl
Monroe,Boy
Monserrat,Girl
Mont,Boy
Montana,Boy
Montana,Girl
Monte,Boy
Montel,Boy
Montgomery,Boy
Montie,Boy
Montie,Girl
Montrell,Boy
Montserrat,Girl
Monty,Boy
Moody,Boy
Mora,Girl
Mordechai,Boy
Morgan,Boy
Morgan,Girl
Moriah,Girl
Morris,Boy
Mortimer,Boy
Morton,Boy
Mose,Boy
Moses,Boy
Moshe,Boy
Mossie,Girl
Mozell,Girl
Mozella,Girl
Mozelle,Girl
Muhammad,Boy
Murdock,Boy
Muriel,Girl
Murl,Boy
Murl,Girl
Murphy,Boy
Murray,Boy
Murry,Boy
Mustafa,Boy
Mya,Girl
Myah,Girl
Mychal,Boy
Myer,Boy
Mykel,Boy
Myla,Girl
Mylee,Girl
Myles,Boy
Mylie,Girl
Myra,Girl
Myranda,Girl
Myrl,Boy
Myrl,Girl
Myrle,Girl
Myrna,Girl
Myron,Boy
Myrta,Girl
Myrtice,Girl
Myrtie,Girl
Myrtis,Girl
Myrtle,Boy
Myrtle,Girl
Nada,Girl
Nadia,Girl
Nadine,Girl
Naima,Girl
Najee,Boy
Nakia,Boy
Nakia,Girl
Nakisha,Girl
Nakita,Girl
Nallely,Girl
Namon,Boy
Nan,Girl
Nana,Girl
Nanci,Girl
Nancie,Girl
Nancy,Boy
Nancy,Girl
Nanette,Girl
Nanie,Girl
Nanna,Girl
Nannette,Girl
Nannie,Girl
Naoma,Girl
Naomi,Girl
Napoleon,Boy
Narcissus,Girl
Nash,Boy
Nasir,Boy
Nat,Boy
Natalee,Girl
Natalia,Girl
Natalie,Girl
Nataly,Girl
Natalya,Girl
Natasha,Girl
Nathalia,Girl
Nathalie,Girl
Nathaly,Girl
Nathan,Boy
Nathanael,Boy
Nathanial,Boy
Nathaniel,Boy
Nathen,Boy
Natosha,Girl
Nautica,Girl
Nayeli,Girl
Nayely,Girl
Neal,Boy
Nealie,Girl
Nealy,Girl
Ned,Boy
Nedra,Girl
Needham,Boy
Neely,Boy
Neha,Girl
Nehemiah,Boy
Neil,Boy
Nelda,Girl
Nelia,Girl
Nelie,Girl
Nell,Girl
Nella,Girl
Nelle,Girl
Nellie,Boy
Nellie,Girl
Nello,Boy
Nelly,Girl
Nels,Boy
Nelson,Boy
Nena,Girl
Neola,Girl
Neoma,Girl
Neppie,Girl
Nereida,Girl
Nery,Boy
Nestor,Boy
Neta,Girl
Netta,Girl
Nettie,Girl
Neva,Girl
Nevada,Girl
Nevaeh,Girl
Neveah,Girl
Nevin,Boy
Newell,Boy
Newman,Boy
Newt,Boy
Newton,Boy
Nia,Girl
Nichelle,Girl
Nichol,Girl
Nicholas,Boy
Nicholas,Girl
Nicholaus,Boy
Nichole,Girl
Nick,Boy
Nicki,Girl
Nicklaus,Boy
Nickolas,Boy
Nicky,Boy
Nico,Boy
Nicola,Girl
Nicolas,Boy
Nicole,Boy
Nicole,Girl
Nicolette,Girl
Nicolle,Girl
Nigel,Boy
Nikhil,Boy
Niki,Girl
Nikia,Girl
Nikita,Girl
Nikki,Girl
Nikko,Boy
Niko,Boy
Nikolai,Boy
Nikolas,Boy
Nikole,Girl
Nila,Girl
Nilda,Girl
Nile,Boy
Niles,Boy
Nils,Boy
Nim,Boy
Nina,Girl
Ninnie,Girl
Nira,Girl
Nita,Girl
Noah,Boy
Nobie,Girl
Noble,Boy
Noe,Boy
Noel,Boy
Noel,Girl
Noelia,Girl
Noelle,Girl
Noemi,Girl
Noemie,Girl
Nohely,Girl
Nola,Girl
Nolan,Boy
Nolen,Boy
Nolia,Girl
Nolie,Girl
Noma,Girl
Nona,Girl
Nonie,Girl
Nora,Boy
Nora,Girl
Norah,Girl
Norbert,Boy
Norberto,Boy
Noreen,Girl
Norene,Girl
Noreta,Girl
Noretta,Girl
Norine,Girl
Norita,Girl
Norma,Girl
Norman,Boy
Norman,Girl
Normand,Boy
Norris,Boy
North,Boy
Norton,Boy
Norval,Boy
Norwood,Boy
Nova,Girl
Novella,Girl
Nunzio,Boy
Nya,Girl
Nyah,Girl
Nyasia,Girl
Nyla,Girl
Nylah,Girl
Nyree,Girl
Oakley,Boy
Obe,Boy
Obed,Boy
Obie,Boy
Ocie,Boy
Ocie,Girl
Octa,Girl
Octave,Boy
Octavia,Girl
Octavie,Girl
Octavio,Boy
Octavius,Boy
Oda,Boy
Oda,Girl
Odalis,Girl
Odalys,Girl
Oddie,Boy
Odelia,Girl
Odell,Boy
Odell,Girl
Odessa,Girl
Odette,Girl
Odie,Boy
Odie,Girl
Odile,Girl
Odin,Boy
Odis,Boy
Odus,Boy
Ofelia,Girl
Offie,Boy
Ogden,Boy
Okey,Boy
Ola,Boy
Ola,Girl
Olaf,Boy
Olan,Boy
Oland,Boy
Olar,Girl
Ole,Boy
Olen,Boy
Olena,Girl
Olene,Girl
Oleta,Girl
Olevia,Girl
Oley,Boy
Olga,Girl
Olie,Boy
Olie,Girl
Olin,Boy
Olinda,Girl
Oline,Girl
Oliva,Girl
Olive,Boy
Olive,Girl
Oliver,Boy
Olivia,Girl
Olivine,Girl
Ollie,Boy
Ollie,Girl
Olof,Boy
Olympia,Girl
Oma,Girl
Omar,Boy
Omari,Boy
Omarion,Boy
Omer,Boy
Omie,Girl
Ona,Girl
Oneal,Boy
Oneida,Girl
Oneta,Girl
Oney,Girl
Onie,Girl
Onnie,Girl
Opal,Boy
Opal,Girl
Opha,Girl
Ophelia,Girl
Ora,Boy
Ora,Girl
Orah,Girl
Oral,Boy
Oral,Girl
Oralia,Girl
Oran,Boy
Orange,Boy
Orelia,Girl
Oren,Boy
Orene,Girl
Orie,Boy
Orilla,Girl
Orin,Boy
Orion,Boy
Oris,Boy
Orla,Boy
Orland,Boy
Orlando,Boy
Orlena,Girl
Orley,Boy
Orlin,Boy
Orlo,Boy
Orma,Girl
Orpha,Girl
Orra,Girl
Orren,Boy
Orrie,Boy
Orrie,Girl
Orrin,Boy
Orris,Boy
Orson,Boy
Orval,Boy
Orvel,Boy
Orvil,Boy
Orville,Boy
Orvin,Boy
Orvis,Boy
Osa,Girl
Osbaldo,Boy
Osborn,Boy
Osborne,Boy
Oscar,Boy
Osie,Boy
Osie,Girl
Ossie,Boy
Ossie,Girl
Osvaldo,Boy
Oswald,Boy
Oswaldo,Boy
Ota,Girl
Otelia,Girl
Otha,Boy
Otha,Girl
Othel,Boy
Otho,Boy
Otis,Boy
Ott,Boy
Ottie,Boy
Ottie,Girl
Ottilia,Girl
Ottilie,Girl
Ottis,Boy
Otto,Boy
Ouida,Girl
Ova,Boy
Ova,Girl
Ovid,Boy
Ovila,Boy
Owen,Boy
Owens,Boy
Ozell,Boy
Ozell,Girl
Ozella,Girl
Ozie,Boy
Ozie,Girl
Ozzie,Boy
Pablo,Boy
Page,Boy
Paige,Girl
Pairlee,Girl
Paisley,Girl
Paityn,Girl
Pallie,Girl
Palma,Girl
Palmer,Boy
Paloma,Girl
Pam,Girl
Pamala,Girl
Pamela,Boy
Pamela,Girl
Pamelia,Girl
Pamella,Girl
Pandora,Girl
Pansy,Girl
Paola,Girl
Paralee,Girl
Paris,Boy
Paris,Girl
Park,Boy
Parker,Boy
Parker,Girl
Parlee,Girl
Parley,Boy
Parrish,Boy
Parthenia,Girl
Pascal,Boy
Pasquale,Boy
Pat,Boy
Pat,Girl
Pate,Boy
Patience,Girl
Patric,Boy
Patrica,Girl
Patrice,Girl
Patricia,Boy
Patricia,Girl
Patrick,Boy
Patsy,Boy
Patsy,Girl
Patti,Girl
Pattie,Girl
Patty,Girl
Paul,Boy
Paul,Girl
Paula,Girl
Pauletta,Girl
Paulette,Girl
Paulina,Girl
Pauline,Boy
Pauline,Girl
Paulo,Boy
Paxton,Boy
Payten,Girl
Payton,Boy
Payton,Girl
Pearl,Boy
Pearl,Girl
Pearla,Girl
Pearle,Girl
Pearlene,Girl
Pearley,Boy
Pearlie,Boy
Pearlie,Girl
Pearline,Girl
Pearly,Girl
Pedro,Boy
Peggie,Girl
Peggy,Girl
Penelope,Girl
Penni,Girl
Pennie,Girl
Penny,Girl
Pepper,Girl
Percival,Boy
Percy,Boy
Perla,Girl
Perley,Boy
Permelia,Girl
Pernell,Boy
Perri,Girl
Perry,Boy
Perry,Girl
Pershing,Boy
Pete,Boy
Peter,Boy
Petra,Girl
Peyton,Boy
Peyton,Girl
Phebe,Girl
Pheobe,Girl
Phil,Boy
Philip,Boy
Phillip,Boy
Phillis,Girl
Philo,Boy
Philomena,Girl
Philomene,Girl
Phoebe,Girl
Phoenix,Boy
Phoenix,Girl
Phylicia,Girl
Phylis,Girl
Phyliss,Girl
Phyllis,Girl
Pierce,Boy
Pierre,Boy
Pink,Boy
Pink,Girl
Pinkey,Girl
Pinkie,Girl
Pinkney,Boy
Piper,Girl
Pleas,Boy
Pleasant,Boy
Ples,Boy
Pluma,Girl
Plummer,Boy
Polk,Boy
Pollie,Girl
Polly,Girl
Porfirio,Boy
Porsche,Girl
Porsha,Girl
Porter,Boy
Portia,Girl
Posey,Boy
Powell,Boy
Pranav,Boy
Pratt,Boy
Precious,Girl
Prentice,Boy
Prentiss,Boy
Presley,Boy
Presley,Girl
Press,Boy
Preston,Boy
Price,Boy
Pricilla,Girl
Primus,Boy
Prince,Boy
Princess,Girl
Priscila,Girl
Priscilla,Girl
Prosper,Boy
Prudence,Girl
Prudie,Girl
Pryor,Boy
Purl,Boy
Qiana,Girl
Queen,Girl
Queenie,Girl
Quentin,Boy
Quiana,Girl
Quincy,Boy
Quinn,Boy
Quinn,Girl
Quint,Boy
Quinten,Boy
Quintin,Boy
Quinton,Boy
Rachael,Girl
Racheal,Girl
Rachel,Boy
Rachel,Girl
Rachelle,Girl
Racquel,Girl
Rae,Boy
Rae,Girl
Raegan,Girl
Raekwon,Boy
Raelynn,Girl
Rafael,Boy
Rafaela,Girl
Rafe,Boy
Ragna,Girl
Raheem,Boy
Rahn,Boy
Rahsaan,Boy
Rahul,Boy
Raiden,Boy
Raina,Girl
Rakeem,Boy
Raleigh,Boy
Ralph,Boy
Ralph,Girl
Ramiro,Boy
Ramon,Boy
Ramona,Girl
Ramsey,Boy
Rance,Boy
Rand,Boy
Randal,Boy
Randall,Boy
Randel,Boy
Randell,Boy
Randi,Girl
Randle,Boy
Randolf,Boy
Randolph,Boy
Randy,Boy
Randy,Girl
Ransom,Boy
Raoul,Boy
Raphael,Boy
Raquan,Boy
Raquel,Girl
Ras,Boy
Rashaad,Boy
Rashaan,Boy
Rashad,Boy
Rashawn,Boy
Rasheed,Boy
Rashida,Girl
Raul,Boy
Raven,Boy
Raven,Girl
Ray,Boy
Ray,Girl
Rayan,Boy
Rayburn,Boy
Rayfield,Boy
Rayford,Boy
Raymon,Boy
Raymond,Boy
Raymond,Girl
Raymundo,Boy
Rayna,Girl
Raynard,Boy
Rayne,Girl
Rayshawn,Boy
Reagan,Boy
Reagan,Girl
Reanna,Girl
Reason,Boy
Reatha,Girl
Reba,Girl
Rebeca,Girl
Rebecca,Boy
Rebecca,Girl
Rebekah,Girl
Red,Boy
Redden,Boy
Redmond,Boy
Reece,Boy
Reed,Boy
Reese,Boy
Reese,Girl
Refugio,Boy
Regan,Boy
Regan,Girl
Regena,Girl
Regenia,Girl
Reggie,Boy
Regina,Girl
Reginal,Boy
Reginald,Boy
Regis,Boy
Reid,Boy
Reilly,Boy
Reilly,Girl
Reina,Girl
Reinaldo,Boy
Reinhold,Boy
Reino,Boy
Rella,Girl
Remington,Boy
Rena,Girl
Renada,Girl
Renae,Girl
Renaldo,Boy
Renard,Boy
Renata,Girl
Rene,Boy
Rene,Girl
Renea,Girl
Renee,Girl
Renita,Girl
Rennie,Girl
Reno,Boy
Ressie,Girl
Reta,Girl
Retha,Girl
Retta,Girl
Rettie,Girl
Reuben,Boy
Reubin,Boy
Reva,Girl
Rex,Boy
Rexford,Boy
Rey,Boy
Reyes,Boy
Reyna,Girl
Reynaldo,Boy
Reynold,Boy
Reynolds,Boy
Rhea,Girl
Rheta,Girl
Rhett,Boy
Rhianna,Girl
Rhiannon,Girl
Rhoda,Boy
Rhoda,Girl
Rhona,Girl
Rhonda,Girl
Rhys,Boy
Rian,Boy
Rianna,Girl
Ricardo,Boy
Ricci,Boy
Rice,Boy
Rich,Boy
Richard,Boy
Richard,Girl
Richelle,Girl
Richie,Boy
Richmond,Boy
Rick,Boy
Rickey,Boy
Ricki,Boy
Ricki,Girl
Rickie,Boy
Ricky,Boy
Rico,Boy
Ridge,Boy
Rigoberto,Boy
Rihanna,Girl
Rikki,Girl
Riley,Boy
Riley,Girl
Rilla,Girl
Rillie,Girl
Rinda,Girl
Risa,Girl
Rishi,Boy
Rita,Girl
Ritchie,Boy
River,Boy
Riya,Girl
Rob,Boy
Robb,Boy
Robbie,Boy
Robbie,Girl
Robbin,Boy
Robbin,Girl
Robby,Boy
Robert,Boy
Robert,Girl
Roberta,Girl
Roberto,Boy
Robin,Boy
Robin,Girl
Robley,Boy
Robt,Boy
Roby,Boy
Robyn,Girl
Rocco,Boy
Rochelle,Girl
Rocio,Girl
Rock,Boy
Rocky,Boy
Rod,Boy
Roddy,Boy
Roderic,Boy
Roderick,Boy
Rodger,Boy
Rodney,Boy
Rodolfo,Boy
Rodrick,Boy
Rodrigo,Boy
Roe,Boy
Roel,Boy
Roena,Girl
Rogelio,Boy
Roger,Boy
Rogers,Boy
Rohan,Boy
Roland,Boy
Rolanda,Girl
Rolando,Boy
Rolf,Boy
Roll,Boy
Rolla,Boy
Rolland,Boy
Rollie,Boy
Rollin,Boy
Rollo,Boy
Roma,Boy
Roma,Girl
Romaine,Girl
Roman,Boy
Rome,Boy
Romello,Boy
Romeo,Boy
Romie,Boy
Romona,Girl
Ron,Boy
Rona,Girl
Ronal,Boy
Ronald,Boy
Ronald,Girl
Ronaldo,Boy
Ronan,Boy
Ronda,Girl
Rondal,Boy
Roni,Girl
Ronin,Boy
Ronna,Girl
Ronnie,Boy
Ronnie,Girl
Ronny,Boy
Roosevelt,Boy
Rory,Boy
Rory,Girl
Rosa,Boy
Rosa,Girl
Rosabelle,Girl
Rosalee,Girl
Rosalia,Girl
Rosalie,Girl
Rosalind,Girl
Rosalinda,Girl
Rosaline,Girl
Rosalyn,Girl
Rosamond,Girl
Rosann,Girl
Rosanna,Girl
Rosanne,Girl
Rosaria,Girl
Rosario,Boy
Rosario,Girl
Rosco,Boy
Roscoe,Boy
Rose,Boy
Rose,Girl
Roseann,Girl
Roseanna,Girl
Roseanne,Girl
Rosella,Girl
Roselyn,Girl
Rosemarie,Girl
Rosemary,Girl
Rosena,Girl
Rosendo,Boy
Rosetta,Girl
Rosevelt,Boy
Rosey,Girl
Rosia,Girl
Rosie,Girl
Rosina,Girl
Rosita,Girl
Roslyn,Girl
Ross,Boy
Rossie,Boy
Rossie,Girl
Roswell,Boy
Rosy,Girl
Rowan,Boy
Rowan,Girl
Rowena,Girl
Rowland,Boy
Roxana,Girl
Roxane,Girl
Roxann,Girl
Roxanna,Girl
Roxanne,Girl
Roxie,Girl
Roxy,Girl
Roy,Boy
Roy,Girl
Royal,Boy
Royce,Boy
Rozanne,Girl
Rozella,Girl
Rube,Boy
Ruben,Boy
Rubi,Girl
Rubie,Girl
Rubin,Boy
Ruby,Boy
Ruby,Girl
Rubye,Girl
Rudolf,Boy
Rudolfo,Boy
Rudolph,Boy
Rudy,Boy
Rueben,Boy
Ruel,Boy
Ruffin,Boy
Ruffus,Boy
Rufus,Boy
Ruie,Girl
Rupert,Boy
Rush,Boy
Russ,Boy
Russel,Boy
Russell,Boy
Rustin,Boy
Rusty,Boy
Ruth,Boy
Ruth,Girl
Rutha,Girl
Ruthann,Girl
Ruthanne,Girl
Ruthe,Girl
Rutherford,Boy
Ruthie,Girl
Ryan,Boy
Ryan,Girl
Ryann,Girl
Ryder,Boy
Ryker,Boy
Rylan,Boy
Ryland,Boy
Rylee,Boy
Rylee,Girl
Ryleigh,Girl
Ryley,Boy
Rylie,Girl
Ryne,Boy
Sabastian,Boy
Sabina,Girl
Sable,Girl
Sabra,Girl
Sabrina,Girl
Sada,Girl
Sade,Girl
Sadie,Girl
Sadye,Girl
Sage,Boy
Sage,Girl
Saige,Girl
Saint,Boy
Sal,Boy
Salena,Girl
Salina,Girl
Sallie,Girl
Sally,Girl
Salma,Girl
Salome,Girl
Salomon,Boy
Salvador,Boy
Salvatore,Boy
Sam,Boy
Samantha,Boy
Samantha,Girl
Samara,Girl
Samatha,Girl
Samie,Boy
Samir,Boy
Samira,Girl
Sammie,Boy
Sammie,Girl
Sammy,Boy
Sampson,Boy
Samson,Boy
Samual,Boy
Samuel,Boy
Sanaa,Girl
Sanai,Girl
Sanders,Boy
Sandi,Girl
Sandie,Girl
Sandra,Boy
Sandra,Girl
Sandy,Boy
Sandy,Girl
Sanford,Boy
Saniya,Girl
Saniyah,Girl
Sanjuana,Girl
Sanjuanita,Girl
Sannie,Girl
Santa,Girl
Santana,Boy
Santana,Girl
Santiago,Boy
Santina,Girl
Santino,Boy
Santo,Boy
Santos,Boy
Santos,Girl
Sara,Girl
Sarah,Boy
Sarah,Girl
Sarahi,Girl
Sarai,Girl
Sariah,Girl
Sarina,Girl
Sarita,Girl
Sarrah,Girl
Sasha,Girl
Saul,Boy
Saundra,Girl
Savana,Girl
Savanah,Girl
Savanna,Girl
Savannah,Girl
Saverio,Boy
Savilla,Girl
Savion,Boy
Savon,Boy
Sawyer,Boy
Scarlet,Girl
Scarlett,Girl
Schley,Boy
Schuyler,Boy
Scot,Boy
Scott,Boy
Scott,Girl
Scottie,Boy
Scotty,Boy
Seaborn,Boy
Seamus,Boy
Sean,Boy
Sebastian,Boy
Sebrina,Girl
Sedrick,Boy
Selah,Girl
Seldon,Boy
Selena,Girl
Selene,Girl
Selina,Girl
Selma,Girl
Selmer,Boy
Semaj,Boy
Sena,Girl
Seneca,Boy
Senora,Girl
Serena,Girl
Serenity,Girl
Sergio,Boy
Serina,Girl
Seth,Boy
Severo,Boy
Severt,Boy
Seward,Boy
Seymour,Boy
Shad,Boy
Shade,Boy
Shae,Girl
Shafter,Boy
Shaina,Girl
Shakira,Girl
Shalon,Girl
Shalonda,Girl
Shamar,Boy
Shameka,Girl
Shamika,Girl
Shan,Boy
Shana,Girl
Shanae,Girl
Shanda,Girl
Shandra,Girl
Shane,Boy
Shane,Girl
Shaneka,Girl
Shanell,Girl
Shanelle,Girl
Shanequa,Girl
Shani,Girl
Shania,Girl
Shanice,Girl
Shaniece,Girl
Shanika,Girl
Shaniqua,Girl
Shanita,Girl
Shaniya,Girl
Shanna,Girl
Shannan,Girl
Shannen,Girl
Shannon,Boy
Shannon,Girl
Shanon,Boy
Shanon,Girl
Shanta,Girl
Shante,Girl
Shantel,Girl
Shantell,Girl
Shaquan,Boy
Shaquana,Girl
Shaquille,Boy
Shaquita,Girl
Shara,Girl
Shardae,Girl
Sharday,Girl
Sharde,Girl
Sharee,Girl
Sharen,Girl
Shari,Girl
Sharif,Boy
Sharita,Girl
Sharla,Girl
Sharleen,Girl
Sharlene,Girl
Sharman,Girl
Sharon,Boy
Sharon,Girl
Sharonda,Girl
Sharron,Girl
Sharyl,Girl
Sharyn,Girl
Shasta,Girl
Shatara,Girl
Shaun,Boy
Shaun,Girl
Shauna,Girl
Shaunna,Girl
Shavon,Girl
Shavonne,Girl
Shawanda,Girl
Shawn,Boy
Shawn,Girl
Shawna,Girl
Shawnda,Girl
Shawnee,Girl
Shawnna,Girl
Shawnte,Girl
Shay,Boy
Shay,Girl
Shayla,Girl
Shaylee,Girl
Shayna,Girl
Shayne,Boy
Shea,Boy
Shea,Girl
Shedrick,Boy
Sheena,Girl
Sheila,Girl
Sheilah,Girl
Shelba,Girl
Shelbi,Girl
Shelbie,Girl
Shelby,Boy
Shelby,Girl
Sheldon,Boy
Shelia,Girl
Shelley,Boy
Shelley,Girl
Shelli,Girl
Shellie,Boy
Shellie,Girl
Shelly,Boy
Shelly,Girl
Shelton,Boy
Shelva,Girl
Shelvia,Girl
Shelvie,Girl
Shemar,Boy
Shena,Girl
Shenna,Girl
Shep,Boy
Shepherd,Boy
Sheree,Girl
Sheri,Girl
Sheridan,Boy
Sheridan,Girl
Sherie,Girl
Sherilyn,Girl
Sherita,Girl
Sherlyn,Girl
Sherman,Boy
Sheron,Girl
Sherree,Girl
Sherri,Girl
Sherrie,Girl
Sherrill,Boy
Sherrill,Girl
Sherron,Girl
Sherry,Girl
Sherryl,Girl
Sherwin,Boy
Sherwood,Boy
Sheryl,Girl
Sheryll,Girl
Sheyla,Girl
Shianne,Girl
Shiela,Girl
Shiloh,Girl
Shira,Girl
Shirl,Girl
Shirlee,Girl
Shirleen,Girl
Shirlene,Girl
Shirley,Boy
Shirley,Girl
Shirleyann,Girl
Shirlie,Girl
Shoji,Boy
Shon,Boy
Shona,Girl
Shonda,Girl
Shonna,Girl
Shreya,Girl
Shyann,Girl
Shyanne,Girl
Shyheim,Boy
Shyla,Girl
Sibbie,Girl
Sibyl,Girl
Sid,Boy
Siddie,Girl
Sidney,Boy
Sidney,Girl
Sie,Boy
Siena,Girl
Sienna,Girl
Sierra,Girl
Sigmund,Boy
Signa,Girl
Signe,Girl
Sigrid,Girl
Sigurd,Boy
Silas,Boy
Silver,Boy
Silvester,Boy
Silvia,Girl
Silvio,Boy
Sim,Boy
Simeon,Boy
Simmie,Boy
Simon,Boy
Simona,Girl
Simone,Girl
Simpson,Boy
Sina,Girl
Sincere,Boy
Sinda,Girl
Sing,Boy
Siobhan,Girl
Sister,Girl
Skip,Boy
Sky,Girl
Skye,Girl
Skyla,Girl
Skylar,Boy
Skylar,Girl
Skyler,Boy
Skyler,Girl
Slade,Boy
Sloane,Girl
Smith,Boy
Socorro,Girl
Sofia,Girl
Sol,Boy
Soledad,Girl
Soloman,Boy
Solomon,Boy
Solon,Boy
Somer,Girl
Sommer,Girl
Son,Boy
Sondra,Girl
Sonia,Girl
Sonja,Girl
Sonji,Girl
Sonny,Boy
Sonya,Girl
Sophia,Girl
Sophie,Girl
Sophronia,Girl
Soren,Boy
Spencer,Boy
Spenser,Boy
Spring,Girl
Spurgeon,Boy
Squire,Boy
Stacey,Boy
Stacey,Girl
Staci,Girl
Stacia,Girl
Stacie,Girl
Stacy,Boy
Stacy,Girl
Stafford,Boy
Stan,Boy
Stanford,Boy
Stanislaus,Boy
Stanley,Boy
Stanton,Boy
Star,Girl
Starla,Girl
Starling,Boy
Starr,Girl
Stasia,Girl
Stefan,Boy
Stefani,Girl
Stefanie,Girl
Stella,Girl
Stephaine,Girl
Stephan,Boy
Stephani,Girl
Stephania,Girl
Stephanie,Boy
Stephanie,Girl
Stephany,Girl
Stephen,Boy
Stephenie,Girl
Stephon,Boy
Sterling,Boy
Stetson,Boy
Stevan,Boy
Steve,Boy
Steven,Boy
Steven,Girl
Stevie,Boy
Stevie,Girl
Steward,Boy
Stewart,Boy
Stone,Boy
Stonewall,Boy
Stoney,Boy
Storm,Boy
Stormy,Girl
Stuart,Boy
Sudie,Girl
Sue,Girl
Suellen,Girl
Sula,Girl
Sullivan,Boy
Summer,Girl
Sumner,Boy
Sunday,Girl
Sunny,Girl
Sunshine,Girl
Susan,Boy
Susan,Girl
Susana,Girl
Susann,Girl
Susanna,Girl
Susannah,Girl
Susanne,Girl
Susie,Boy
Susie,Girl
Sussie,Girl
Suzan,Girl
Suzann,Girl
Suzanna,Girl
Suzanne,Girl
Suzette,Girl
Suzie,Girl
Suzy,Girl
Sybil,Girl
Sybilla,Girl
Syble,Girl
Sydell,Girl
Sydnee,Girl
Sydney,Boy
Sydney,Girl
Sydni,Girl
Sydnie,Girl
Syed,Boy
Sylva,Girl
Sylvan,Boy
Sylvania,Girl
Sylvanus,Boy
Sylvester,Boy
Sylvia,Girl
Symone,Girl
Syreeta,Girl
Tab,Boy
Tabatha,Girl
Tabetha,Girl
Tabitha,Girl
Tad,Boy
Taft,Boy
Tahj,Boy
Tai,Girl
Taina,Girl
Taj,Boy
Taja,Girl
Takisha,Girl
Tal,Boy
Talan,Boy
Talen,Boy
Talia,Girl
Taliyah,Girl
Tallie,Boy
Talmadge,Boy
Talmage,Boy
Talon,Boy
Tamala,Girl
Tamara,Girl
Tamatha,Girl
Tambra,Girl
Tameka,Girl
Tamekia,Girl
Tamela,Girl
Tamera,Girl
Tami,Girl
Tamia,Girl
Tamica,Girl
Tamie,Girl
Tamika,Girl
Tamiko,Girl
Tamisha,Girl
Tammi,Girl
Tammie,Girl
Tammy,Boy
Tammy,Girl
Tamra,Girl
Tamya,Girl
Tana,Girl
Tandy,Boy
Tanesha,Girl
Tangela,Girl
Tania,Girl
Tanika,Girl
Tanisha,Girl
Taniya,Girl
Taniyah,Girl
Tanja,Girl
Tanner,Boy
Tanya,Girl
Tara,Girl
Tarah,Girl
Tari,Girl
Tarik,Boy
Tariq,Boy
Tarsha,Girl
Taryn,Girl
Tasha,Girl
Tashina,Girl
Tasia,Girl
Tate,Boy
Tatia,Girl
Tatiana,Girl
Tatianna,Girl
Tatsuo,Boy
Tatum,Girl
Tatyana,Girl
Tatyanna,Girl
Taurean,Boy
Taurus,Boy
Tavares,Boy
Tavaris,Boy
Tavian,Boy
Tavion,Boy
Tavon,Boy
Tawana,Girl
Tawanda,Girl
Tawanna,Girl
Tawny,Girl
Tawnya,Girl
Taya,Girl
Tayla,Girl
Tayler,Boy
Tayler,Girl
Taylor,Boy
Taylor,Girl
Tayshaun,Boy
Tea,Girl
Teagan,Boy
Teagan,Girl
Ted,Boy
Teddie,Boy
Teddy,Boy
Teela,Girl
Teena,Girl
Tegan,Boy
Tella,Girl
Telly,Boy
Tempie,Girl
Tena,Girl
Tenika,Girl
Tenisha,Girl
Tennessee,Girl
Tennie,Girl
Tennille,Girl
Tera,Girl
Terance,Boy
Terell,Boy
Terence,Boy
Teresa,Girl
Terese,Girl
Teressa,Girl
Teri,Girl
Terra,Girl
Terrance,Boy
Terrell,Boy
Terrence,Boy
Terri,Girl
Terrie,Girl
Terrill,Boy
Terry,Boy
Terry,Girl
Tess,Girl
Tessa,Girl
Tessie,Girl
Tevin,Boy
Tex,Boy
Texanna,Girl
Texas,Girl
Texie,Girl
Thad,Boy
Thaddeus,Boy
Thalia,Girl
Thea,Girl
Theadore,Boy
Theda,Girl
Thedore,Boy
Thekla,Girl
Thelma,Boy
Thelma,Girl
Theo,Boy
Theo,Girl
Theodis,Boy
Theodocia,Girl
Theodora,Girl
Theodore,Boy
Theodosia,Girl
Theola,Girl
Theophile,Boy
Theresa,Girl
Therese,Girl
Theresia,Girl
Therman,Boy
Theron,Boy
Theta,Girl
Thomas,Boy
Thomas,Girl
Thomasina,Girl
Thompson,Boy
Thor,Boy
Thora,Girl
Thornton,Boy
Thorwald,Boy
Thos,Boy
Thresa,Girl
Thurlow,Boy
Thurman,Boy
Thursa,Girl
Thurston,Boy
Thyra,Girl
Tia,Girl
Tiana,Girl
Tianna,Girl
Tiara,Girl
Tiarra,Girl
Tiera,Girl
Tierra,Girl
Tiesha,Girl
Tiffani,Girl
Tiffanie,Girl
Tiffany,Boy
Tiffany,Girl
Tilda,Girl
Tilden,Boy
Tilla,Girl
Tillie,Girl
Tillman,Boy
Tilman,Boy
Tim,Boy
Timmie,Boy
Timmothy,Boy
Timmy,Boy
Timothy,Boy
Timothy,Girl
Tina,Boy
Tina,Girl
Tiney,Girl
Tinie,Girl
Tinnie,Girl
Tiny,Girl
Tisa,Girl
Tisha,Girl
Tishie,Girl
Tito,Boy
Titus,Boy
Tobe,Boy
Tobi,Girl
Tobias,Boy
Tobie,Boy
Tobin,Boy
Toby,Boy
Toby,Girl
Toccara,Girl
Tod,Boy
Todd,Boy
Toivo,Boy
Tolbert,Boy
Tollie,Boy
Tom,Boy
Tom,Girl
Toma,Boy
Tomas,Boy
Tomasa,Girl
Tomeka,Girl
Tomie,Boy
Tomika,Girl
Tommie,Boy
Tommie,Girl
Tommy,Boy
Tonda,Girl
Toney,Boy
Toni,Girl
Tonia,Girl
Tonja,Girl
Tony,Boy
Tonya,Girl
Torey,Boy
Tori,Girl
Toriano,Boy
Torie,Girl
Torrance,Boy
Torrence,Boy
Torrey,Boy
Torrie,Girl
Torry,Boy
Tory,Boy
Tory,Girl
Tosha,Girl
Toshiko,Girl
Toshio,Boy
Towanda,Girl
Toy,Boy
Toya,Girl
Trace,Boy
Tracee,Girl
Tracey,Boy
Tracey,Girl
Traci,Girl
Tracie,Girl
Tracy,Boy
Tracy,Girl
Trae,Boy
Travis,Boy
Travon,Boy
Trayvon,Boy
Tre,Boy
Treasure,Girl
Treena,Girl
Tremaine,Boy
Tremayne,Boy
Trena,Girl
Trent,Boy
Trenten,Boy
Trenton,Boy
Tresa,Girl
Tressa,Girl
Tressie,Girl
Treva,Girl
Trever,Boy
Trevin,Boy
Trevion,Boy
Trevon,Boy
Trevor,Boy
Trey,Boy
Treyton,Boy
Treyvon,Boy
Tricia,Girl
Trilby,Girl
Trina,Girl
Trinidad,Boy
Trinidad,Girl
Trinity,Boy
Trinity,Girl
Tripp,Boy
Trish,Girl
Trisha,Girl
Trista,Girl
Tristan,Boy
Tristan,Girl
Tristen,Boy
Tristen,Girl
Tristian,Boy
Tristin,Boy
Triston,Boy
Troy,Boy
Troy,Girl
Trudi,Girl
Trudie,Girl
Trudy,Girl
True,Boy
Trula,Girl
Trumaine,Boy
Truman,Boy
Trystan,Boy
Tuan,Boy
Tucker,Boy
Tula,Girl
Turner,Boy
Twila,Girl
Twyla,Girl
Ty,Boy
Tye,Boy
Tyesha,Girl
Tyler,Boy
Tyler,Girl
Tylor,Boy
Tyquan,Boy
Tyra,Girl
Tyree,Boy
Tyreek,Boy
Tyreese,Boy
Tyrek,Boy
Tyreke,Boy
Tyrel,Boy
Tyrell,Boy
Tyrese,Boy
Tyrik,Boy
Tyrin,Boy
Tyriq,Boy
Tyrique,Boy
Tyron,Boy
Tyrone,Boy
Tyrus,Boy
Tyshawn,Boy
Tyson,Boy
Ula,Girl
Ulises,Boy
Ulysses,Boy
Una,Girl
Unique,Girl
Unknown,Boy
Unknown,Girl
Unnamed,Boy
Ura,Girl
Urban,Boy
Uriah,Boy
Uriel,Boy
Urijah,Boy
Ursula,Girl
Vada,Girl
Val,Boy
Val,Girl
Valarie,Girl
Valencia,Girl
Valentin,Boy
Valentina,Girl
Valentine,Boy
Valentine,Girl
Valentino,Boy
Valeria,Girl
Valerie,Girl
Valery,Girl
Valinda,Girl
Vallie,Girl
Valorie,Girl
Van,Boy
Vance,Boy
Vander,Boy
Vanesa,Girl
Vanessa,Girl
Vannie,Girl
Vara,Girl
Vashon,Boy
Vashti,Girl
Vassie,Girl
Vaughn,Boy
Veda,Girl
Vela,Girl
Velda,Girl
Velia,Girl
Vella,Girl
Velma,Girl
Velva,Girl
Velvet,Girl
Vena,Girl
Venessa,Girl
Venice,Girl
Venie,Girl
Venita,Girl
Vennie,Girl
Venus,Girl
Veola,Girl
Vera,Boy
Vera,Girl
Verda,Girl
Verdell,Girl
Verdie,Girl
Vere,Boy
Verena,Girl
Vergie,Girl
Vergil,Boy
Verl,Boy
Verla,Girl
Verle,Boy
Verlene,Girl
Verlie,Girl
Verlin,Boy
Verlon,Boy
Verlyn,Boy
Vern,Boy
Verna,Boy
Verna,Girl
Vernal,Boy
Verne,Boy
Verne,Girl
Vernell,Boy
Vernell,Girl
Vernelle,Girl
Verner,Boy
Vernetta,Girl
Vernia,Girl
Vernice,Girl
Vernie,Boy
Vernie,Girl
Vernita,Girl
Vernon,Boy
Vernon,Girl
Verona,Girl
Veronica,Girl
Versa,Girl
Versie,Girl
Vertie,Girl
Vessie,Girl
Vesta,Girl
Vester,Boy
Veta,Girl
Veva,Girl
Vic,Boy
Vicente,Boy
Vicie,Girl
Vick,Boy
Vickey,Girl
Vicki,Girl
Vickie,Girl
Vicky,Girl
Victor,Boy
Victoria,Girl
Victoriano,Boy
Victorine,Girl
Victory,Girl
Vicy,Girl
Vida,Girl
Vidal,Boy
Vikki,Girl
Villa,Girl
Vilma,Girl
Vina,Girl
Vince,Boy
Vincent,Boy
Vincenza,Girl
Vincenzo,Boy
Viney,Girl
Vinie,Girl
Vinnie,Girl
Vinson,Boy
Vinton,Boy
Viola,Boy
Viola,Girl
Violet,Girl
Violeta,Girl
Violetta,Girl
Violette,Girl
Vira,Girl
Virdie,Girl
Virge,Boy
Virgel,Boy
Virgia,Girl
Virgie,Boy
Virgie,Girl
Virgil,Boy
Virgil,Girl
Virginia,Boy
Virginia,Girl
Virgle,Boy
Viridiana,Girl
Vita,Girl
Vito,Boy
Viva,Girl
Vivian,Boy
Vivian,Girl
Viviana,Girl
Vivien,Girl
Vivienne,Girl
Vlasta,Girl
Vollie,Boy
Volney,Boy
Von,Boy
Vonda,Girl
Vonetta,Girl
Vonnie,Girl
Wade,Boy
Waino,Boy
Waldemar,Boy
Waldo,Boy
Walker,Boy
Wallace,Boy
Wally,Boy
Walt,Boy
Walter,Boy
Walter,Girl
Walton,Boy
Wanda,Girl
Waneta,Girl
Wanita,Girl
Ward,Boy
Wardell,Boy
Warner,Boy
Warren,Boy
Wash,Boy
Washington,Boy
Watson,Boy
Watt,Boy
Wava,Girl
Waverly,Boy
Wayde,Boy
Wayland,Boy
Waylon,Boy
Wayman,Boy
Waymon,Boy
Wayne,Boy
Weaver,Boy
Webb,Boy
Webster,Boy
Weldon,Boy
Wellington,Boy
Wells,Boy
Welton,Boy
Wende,Girl
Wendel,Boy
Wendell,Boy
Wendi,Girl
Wendy,Girl
Wenzel,Boy
Werner,Boy
Wes,Boy
Wesley,Boy
Wess,Boy
West,Boy
Westley,Boy
Weston,Boy
Wheeler,Boy
Whit,Boy
Whitley,Girl
Whitney,Boy
Whitney,Girl
Wilber,Boy
Wilbert,Boy
Wilbur,Boy
Wilburn,Boy
Wilda,Girl
Wiley,Boy
Wilford,Boy
Wilfred,Boy
Wilfredo,Boy
Wilfrid,Boy
Wilhelm,Boy
Wilhelmina,Girl
Wilhelmine,Girl
Wiliam,Boy
Wilkie,Boy
Will,Boy
Will,Girl
Willa,Girl
Willaim,Boy
Willam,Boy
Willard,Boy
Willene,Girl
Willia,Girl
William,Boy
William,Girl
Williams,Boy
Willian,Boy
Williard,Boy
Willie,Boy
Willie,Girl
Williemae,Girl
Willis,Boy
Willodean,Girl
Willow,Girl
Willy,Boy
Wilma,Girl
Wilmer,Boy
Wilson,Boy
Wilton,Boy
Windell,Boy
Windy,Girl
Winfield,Boy
Winford,Boy
Winfred,Boy
Wing,Boy
Winifred,Boy
Winifred,Girl
Winnie,Boy
Winnie,Girl
Winnifred,Girl
Winona,Girl
Winston,Boy
Winter,Girl
Winthrop,Boy
Winton,Boy
Wirt,Boy
Wm,Boy
Wong,Boy
Wood,Boy
Woodie,Boy
Woodroe,Boy
Woodrow,Boy
Woodson,Boy
Woody,Boy
Worley,Boy
Worth,Boy
Wright,Boy
Wyatt,Boy
Wylie,Boy
Wyman,Boy
Wynona,Girl
Xander,Boy
Xavier,Boy
Xena,Girl
Ximena,Girl
Xiomara,Girl
Xzavier,Boy
Yaakov,Boy
Yadiel,Boy
Yadira,Girl
Yael,Boy
Yahaira,Girl
Yahir,Boy
Yair,Boy
Yajaira,Girl
Yamilet,Girl
Yamilex,Girl
Yancy,Boy
Yandel,Boy
Yareli,Girl
Yaretzi,Girl
Yaritza,Girl
Yasmeen,Girl
Yasmin,Girl
Yasmine,Girl
Yazmin,Girl
Yee,Boy
Yehuda,Boy
Yesenia,Girl
Yessenia,Girl
Yetta,Girl
Yoel,Boy
Yolanda,Girl
Yolonda,Girl
York,Boy
Yosef,Boy
Yoselin,Girl
Yoshiko,Girl
Yoshio,Boy
Young,Boy
Yuliana,Girl
Yulisa,Girl
Yulissa,Girl
Yurem,Boy
Yuridia,Girl
Yusuf,Boy
Yvette,Girl
Yvonne,Girl
Zachariah,Boy
Zachary,Boy
Zachery,Boy
Zack,Boy
Zackary,Boy
Zackery,Boy
Zada,Girl
Zadie,Girl
Zaid,Boy
Zaida,Girl
Zaiden,Boy
Zain,Boy
Zaire,Boy
Zakary,Boy
Zana,Girl
Zander,Boy
Zandra,Girl
Zane,Boy
Zaniyah,Girl
Zara,Girl
Zaria,Girl
Zariah,Girl
Zavier,Boy
Zayden,Boy
Zayne,Boy
Zeb,Boy
Zebulon,Boy
Zechariah,Boy
Zed,Boy
Zeke,Boy
Zela,Girl
Zelda,Girl
Zelia,Girl
Zella,Girl
Zelma,Girl
Zelpha,Girl
Zena,Girl
Zenas,Boy
Zeno,Boy
Zenobia,Girl
Zeta,Girl
Zetta,Girl
Zettie,Girl
Zhane,Girl
Zigmund,Boy
Zillah,Girl
Zilpah,Girl
Zilpha,Girl
Zina,Girl
Zion,Boy
Zion,Girl
Zita,Girl
Zoa,Girl
Zoe,Girl
Zoey,Girl
Zoie,Girl
Zola,Girl
Zollie,Boy
Zona,Girl
Zora,Girl
Zula,Girl